Date,0.0,1,2,3,4,5,6,7,8,9,10,11,12,13,14,15,16,17,18,19,20,21,22,23,24
2024-01-02,2060.0,2250.0,2290.0,2340.0,2360.0,2380.0,2400.0,2420.0,2430.0,,,,,,,,,,,,,,,,
2024-01-03,2040.0,2210.0,2260.0,2310.0,2330.0,2350.0,2360.0,2380.0,2400.0,,,,,,,,,,,,,,,,
2024-01-04,2040.0,2220.0,2270.0,2320.0,2340.0,2360.0,2370.0,2390.0,2400.0,,,,,,,,,,,,,,,,
2024-01-05,2040.0,2220.0,2270.0,2320.0,2340.0,2360.0,2370.0,2390.0,2400.0,,,,,,,,,,,,,,,,
2024-01-08,2030.0,2210.0,2250.0,2300.0,2320.0,2340.0,2360.0,2380.0,2390.0,,,,,,,,,,,,,,,,
2024-01-09,2030.0,2210.0,2250.0,2300.0,2320.0,2340.0,2360.0,2380.0,2390.0,,,,,,,,,,,,,,,,
2024-01-10,2020.0,2200.0,2240.0,2300.0,2310.0,2340.0,2350.0,2370.0,2380.0,,,,,,,,,,,,,,,,
2024-01-11,2030.0,2190.0,2240.0,2290.0,2310.0,2330.0,2340.0,2360.0,2370.0,,,,,,,,,,,,,,,,
2024-01-12,2050.0,2220.0,2260.0,2320.0,2330.0,2360.0,2370.0,2390.0,2400.0,,,,,,,,,,,,,,,,
2024-01-16,2030.0,2200.0,2240.0,2290.0,2310.0,2340.0,2350.0,2370.0,2380.0,,,,,,,,,,,,,,,,
2024-01-17,2010.0,2180.0,2220.0,2270.0,2290.0,2310.0,2330.0,2350.0,2360.0,,,,,,,,,,,,,,,,
2024-01-18,2020.0,2190.0,2240.0,2290.0,2300.0,2330.0,2340.0,2360.0,2370.0,,,,,,,,,,,,,,,,
2024-01-19,2030.0,2200.0,2240.0,2300.0,2310.0,2340.0,2350.0,2370.0,2380.0,,,,,,,,,,,,,,,,
2024-01-22,2020.0,2190.0,2240.0,2290.0,2310.0,2330.0,2340.0,2360.0,2370.0,,,,,,,,,,,,,,,,
2024-01-23,2030.0,2200.0,2240.0,2290.0,2310.0,2330.0,2350.0,2370.0,2380.0,,,,,,,,,,,,,,,,
2024-01-24,2010.0,2190.0,2230.0,2280.0,2300.0,2320.0,2340.0,2360.0,2370.0,,,,,,,,,,,,,,,,
2024-01-25,2020.0,2190.0,2230.0,2280.0,2300.0,2330.0,2340.0,2360.0,2370.0,,,,,,,,,,,,,,,,
2024-01-26,2020.0,2190.0,2230.0,2280.0,2300.0,2330.0,2340.0,2360.0,2370.0,,,,,,,,,,,,,,,,
2024-01-29,2030.0,2200.0,2240.0,2290.0,2310.0,2330.0,2350.0,2370.0,2380.0,,,,,,,,,,,,,,,,
2024-01-30,2040.0,2200.0,2250.0,2300.0,2320.0,2340.0,2350.0,2370.0,2380.0,,,,,,,,,,,,,,,,
2024-01-31,2040.0,2220.0,2260.0,2310.0,2330.0,2360.0,2370.0,2390.0,2400.0,,,,,,,,,,,,,,,,
2024-02-01,2050.0,2220.0,2270.0,2320.0,2340.0,2360.0,2370.0,2390.0,2400.0,,,,,,,,,,,,,,,,
2024-02-02,2040.0,2210.0,2250.0,2300.0,2320.0,2350.0,2360.0,2380.0,2390.0,,,,,,,,,,,,,,,,
2024-02-05,2030.0,2200.0,2240.0,2290.0,2310.0,2340.0,2350.0,2370.0,2380.0,,,,,,,,,,,,,,,,
2024-02-06,2040.0,2210.0,2250.0,2300.0,2320.0,2340.0,2360.0,2380.0,2390.0,,,,,,,,,,,,,,,,
2024-02-07,2040.0,2210.0,2250.0,2300.0,2320.0,2340.0,2360.0,2380.0,2390.0,,,,,,,,,,,,,,,,
2024-02-08,2030.0,2200.0,2250.0,2300.0,2320.0,2340.0,2350.0,2370.0,2380.0,,,,,,,,,,,,,,,,
2024-02-09,2030.0,2190.0,2240.0,2290.0,2310.0,2330.0,2340.0,2360.0,2380.0,,,,,,,,,,,,,,,,
2024-02-12,2020.0,2190.0,2230.0,2290.0,2300.0,2330.0,2340.0,2360.0,2370.0,,,,,,,,,,,,,,,,
2024-02-13,1990.0,2170.0,2210.0,2260.0,2280.0,2300.0,2320.0,2340.0,2350.0,,,,,,,,,,,,,,,,
2024-02-14,1990.0,2160.0,2210.0,2260.0,2280.0,2300.0,2310.0,2330.0,2350.0,,,,,,,,,,,,,,,,
2024-02-15,2000.0,2170.0,2220.0,2270.0,2290.0,2310.0,2320.0,2340.0,2360.0,,,,,,,,,,,,,,,,
2024-02-16,2010.0,2180.0,2230.0,2280.0,2300.0,2320.0,2340.0,2350.0,2370.0,,,,,,,,,,,,,,,,
2024-02-20,2020.0,2200.0,2250.0,2300.0,2310.0,2340.0,2350.0,2370.0,2380.0,,,,,,,,,,,,,,,,
2024-02-21,2030.0,2200.0,2240.0,2290.0,2310.0,2330.0,2350.0,2370.0,2380.0,,,,,,,,,,,,,,,,
2024-02-22,2020.0,2190.0,2240.0,2290.0,2310.0,2330.0,2340.0,2360.0,2370.0,,,,,,,,,,,,,,,,
2024-02-23,2040.0,2210.0,2260.0,2310.0,2330.0,2350.0,2360.0,2380.0,2390.0,,,,,,,,,,,,,,,,
2024-02-26,2030.0,2200.0,2250.0,2300.0,2320.0,2340.0,2350.0,2370.0,2380.0,,,,,,,,,,,,,,,,
2024-02-27,2030.0,2210.0,2250.0,2300.0,2320.0,2350.0,2360.0,2380.0,2390.0,,,,,,,,,,,,,,,,
2024-02-28,2030.0,2210.0,2250.0,2300.0,2320.0,2350.0,2360.0,2380.0,2390.0,,,,,,,,,,,,,,,,
2024-02-29,2040.0,2220.0,2260.0,2320.0,2330.0,2360.0,2370.0,2390.0,2400.0,,,,,,,,,,,,,,,,
2024-03-01,2080.0,2260.0,2310.0,2360.0,2380.0,2400.0,2410.0,2430.0,2440.0,,,,,,,,,,,,,,,,
2024-03-04,2110.0,2290.0,2340.0,2390.0,2410.0,2430.0,2440.0,2460.0,2470.0,,,,,,,,,,,,,,,,
2024-03-05,2130.0,2310.0,2350.0,2410.0,2420.0,2450.0,2460.0,2480.0,2490.0,,,,,,,,,,,,,,,,
2024-03-06,2150.0,2330.0,2370.0,2420.0,2440.0,2460.0,2480.0,2500.0,2510.0,,,,,,,,,,,,,,,,
2024-03-07,2160.0,2330.0,2380.0,2430.0,2450.0,2470.0,2480.0,2500.0,2520.0,,,,,,,,,,,,,,,,
2024-03-08,2180.0,2350.0,2400.0,2450.0,2470.0,2490.0,2500.0,2520.0,2540.0,,,,,,,,,,,,,,,,
2024-03-11,2180.0,2360.0,2400.0,2460.0,2470.0,2500.0,2510.0,2530.0,2540.0,,,,,,,,,,,,,,,,
2024-03-12,2160.0,2340.0,2380.0,2430.0,2450.0,2480.0,2490.0,2510.0,2520.0,,,,,,,,,,,,,,,,
2024-03-13,2170.0,2350.0,2400.0,2450.0,2470.0,2490.0,2500.0,2520.0,2530.0,,,,,,,,,,,,,,,,
2024-03-14,2160.0,2340.0,2390.0,2440.0,2460.0,2480.0,2490.0,2510.0,2520.0,,,,,,,,,,,,,,,,
2024-03-15,2160.0,2340.0,2380.0,2430.0,2450.0,2470.0,2490.0,2510.0,2520.0,,,,,,,,,,,,,,,,
2024-03-18,2160.0,2340.0,2390.0,2440.0,2460.0,2480.0,2490.0,2510.0,2520.0,,,,,,,,,,,,,,,,
2024-03-19,2160.0,2340.0,2380.0,2440.0,2450.0,2480.0,2490.0,2510.0,2520.0,,,,,,,,,,,,,,,,
2024-03-20,2200.0,2340.0,2380.0,2440.0,2450.0,2480.0,2490.0,2510.0,2520.0,,,,,,,,,,,,,,,,
2024-03-21,2180.0,2360.0,2410.0,2460.0,2480.0,2500.0,2510.0,2530.0,2550.0,,,,,,,,,,,,,,,,
2024-03-22,2170.0,2340.0,2380.0,2430.0,2450.0,2480.0,2490.0,2510.0,2520.0,,,,,,,,,,,,,,,,
2024-03-25,2170.0,2360.0,2400.0,2450.0,2470.0,2490.0,2510.0,2530.0,2540.0,,,,,,,,,,,,,,,,
2024-03-26,2180.0,2360.0,2400.0,2450.0,2470.0,2500.0,2510.0,2530.0,2540.0,,,,,,,,,,,,,,,,
2024-03-27,2190.0,2370.0,2390.0,2420.0,2470.0,2490.0,2510.0,2520.0,2540.0,2550.0,,,,,,,,,,,,,,,
2024-03-28,2230.0,2400.0,2420.0,2440.0,2500.0,2510.0,2540.0,2550.0,2570.0,2580.0,,,,,,,,,,,,,,,
2024-04-01,2250.0,2420.0,2440.0,2470.0,2520.0,2540.0,2560.0,2570.0,2590.0,2600.0,,,,,,,,,,,,,,,
2024-04-02,2280.0,2450.0,2470.0,2490.0,2550.0,2560.0,2590.0,2600.0,2620.0,2630.0,,,,,,,,,,,,,,,
2024-04-03,2300.0,2480.0,2500.0,2530.0,2580.0,2600.0,2620.0,2630.0,2650.0,2670.0,,,,,,,,,,,,,,,
2024-04-04,2290.0,2480.0,2500.0,2520.0,2580.0,2590.0,2620.0,2630.0,2650.0,2660.0,,,,,,,,,,,,,,,
2024-04-05,2320.0,2520.0,2540.0,2560.0,2610.0,2630.0,2660.0,2670.0,2690.0,2700.0,,,,,,,,,,,,,,,
2024-04-08,2340.0,2530.0,2540.0,2570.0,2620.0,2640.0,2660.0,2680.0,2700.0,2710.0,,,,,,,,,,,,,,,
2024-04-09,2350.0,2540.0,2560.0,2580.0,2630.0,2650.0,2680.0,2690.0,2710.0,2720.0,,,,,,,,,,,,,,,
2024-04-10,2330.0,2530.0,2550.0,2570.0,2630.0,2640.0,2670.0,2680.0,2700.0,2710.0,,,,,,,,,,,,,,,
2024-04-11,2370.0,2550.0,2570.0,2600.0,2650.0,2670.0,2690.0,2700.0,2720.0,2740.0,,,,,,,,,,,,,,,
2024-04-12,2340.0,2560.0,2580.0,2600.0,2650.0,2670.0,2700.0,2710.0,2730.0,2740.0,,,,,,,,,,,,,,,
2024-04-15,2380.0,2570.0,2590.0,2610.0,2660.0,2680.0,2710.0,2720.0,2740.0,2750.0,,,,,,,,,,,,,,,
2024-04-16,2380.0,2590.0,2610.0,2640.0,2690.0,2710.0,2730.0,2740.0,2760.0,2780.0,,,,,,,,,,,,,,,
2024-04-17,2360.0,2570.0,2590.0,2620.0,2670.0,2690.0,2710.0,2730.0,2740.0,2760.0,,,,,,,,,,,,,,,
2024-04-18,2380.0,2580.0,2600.0,2630.0,2680.0,2700.0,2720.0,2730.0,2750.0,2770.0,,,,,,,,,,,,,,,
2024-04-19,2390.0,2600.0,2620.0,2650.0,2700.0,2720.0,2740.0,2750.0,2770.0,2780.0,,,,,,,,,,,,,,,
2024-04-22,2330.0,2530.0,2550.0,2580.0,2630.0,2650.0,2670.0,2680.0,2700.0,2710.0,,,,,,,,,,,,,,,
2024-04-23,2320.0,2520.0,2540.0,2570.0,2620.0,2640.0,2660.0,2680.0,2690.0,2710.0,,,,,,,,,,,,,,,
2024-04-24,2320.0,2520.0,2540.0,2570.0,2620.0,2640.0,2660.0,2670.0,2690.0,2700.0,,,,,,,,,,,,,,,
2024-04-25,2330.0,2530.0,2540.0,2570.0,2620.0,2640.0,2660.0,2680.0,2700.0,2710.0,,,,,,,,,,,,,,,
2024-04-26,2340.0,2530.0,2550.0,2580.0,2640.0,2650.0,2680.0,2690.0,2710.0,2720.0,,,,,,,,,,,,,,,
2024-04-29,2340.0,2540.0,2570.0,2600.0,2650.0,2660.0,2690.0,2700.0,2720.0,2730.0,,,,,,,,,,,,,,,
2024-04-30,2290.0,2490.0,2510.0,2540.0,2590.0,2610.0,2630.0,2640.0,2660.0,2680.0,,,,,,,,,,,,,,,
2024-05-01,2320.0,2500.0,2520.0,2550.0,2600.0,2620.0,2640.0,2650.0,2670.0,2680.0,,,,,,,,,,,,,,,
2024-05-02,2300.0,2490.0,2520.0,2550.0,2600.0,2620.0,2640.0,2650.0,2670.0,2680.0,,,,,,,,,,,,,,,
2024-05-03,2300.0,2490.0,2510.0,2540.0,2590.0,2610.0,2630.0,2650.0,2670.0,2680.0,,,,,,,,,,,,,,,
2024-05-06,2320.0,2510.0,2540.0,2560.0,2620.0,2630.0,2660.0,2670.0,2690.0,2700.0,,,,,,,,,,,,,,,
2024-05-07,2310.0,2510.0,2530.0,2560.0,2610.0,2630.0,2650.0,2660.0,2680.0,2690.0,,,,,,,,,,,,,,,
2024-05-08,2310.0,2510.0,2530.0,2560.0,2610.0,2630.0,2650.0,2660.0,2680.0,2690.0,,,,,,,,,,,,,,,
2024-05-09,2350.0,2520.0,2540.0,2570.0,2620.0,2640.0,2670.0,2680.0,2700.0,2710.0,,,,,,,,,,,,,,,
2024-05-10,2360.0,2560.0,2580.0,2610.0,2660.0,2680.0,2700.0,2720.0,2730.0,2750.0,,,,,,,,,,,,,,,
2024-05-13,2340.0,2530.0,2550.0,2580.0,2630.0,2650.0,2670.0,2680.0,2700.0,2720.0,,,,,,,,,,,,,,,
2024-05-14,2360.0,2550.0,2570.0,2600.0,2650.0,2660.0,2690.0,2700.0,2720.0,2730.0,,,,,,,,,,,,,,,
2024-05-15,2390.0,2580.0,2600.0,2630.0,2680.0,2700.0,2720.0,2740.0,2760.0,2770.0,,,,,,,,,,,,,,,
2024-05-16,2380.0,2570.0,2590.0,2620.0,2670.0,2690.0,2720.0,2730.0,2750.0,2760.0,,,,,,,,,,,,,,,
2024-05-17,2420.0,2610.0,2630.0,2660.0,2710.0,2720.0,2750.0,2760.0,2780.0,2790.0,,,,,,,,,,,,,,,
2024-05-20,2430.0,2630.0,2650.0,2680.0,2730.0,2750.0,2770.0,2780.0,2800.0,2810.0,,,,,,,,,,,,,,,
2024-05-21,2420.0,2620.0,2640.0,2670.0,2720.0,2730.0,2760.0,2770.0,2790.0,2800.0,,,,,,,,,,,,,,,
2024-05-22,2380.0,2580.0,2600.0,2630.0,2680.0,2700.0,2730.0,2740.0,2760.0,2770.0,,,,,,,,,,,,,,,
2024-05-23,2330.0,2530.0,2550.0,2580.0,2630.0,2650.0,2670.0,2680.0,2700.0,2710.0,,,,,,,,,,,,,,,
2024-05-24,2330.0,2520.0,2540.0,2570.0,2620.0,2640.0,2670.0,2680.0,2700.0,2710.0,,,,,,,,,,,,,,,
2024-05-28,2360.0,2550.0,2570.0,2600.0,2650.0,2670.0,2690.0,2700.0,2720.0,2730.0,,,,,,,,,,,,,,,
2024-05-29,2340.0,2530.0,2550.0,2580.0,2630.0,2650.0,2670.0,2690.0,2710.0,2720.0,,,,,,,,,,,,,,,
2024-05-30,2340.0,2530.0,2550.0,2570.0,2580.0,2640.0,2650.0,2680.0,2690.0,2710.0,2720.0,,,,,,,,,,,,,,
2024-05-31,2330.0,2510.0,2530.0,2550.0,2560.0,2610.0,2630.0,2660.0,2670.0,2690.0,2700.0,,,,,,,,,,,,,,
2024-06-03,2350.0,2540.0,2560.0,2580.0,2590.0,2640.0,2660.0,2680.0,2690.0,2710.0,2720.0,,,,,,,,,,,,,,
2024-06-04,2330.0,2510.0,2530.0,2550.0,2560.0,2610.0,2630.0,2660.0,2670.0,2690.0,2700.0,,,,,,,,,,,,,,
2024-06-05,2360.0,2540.0,2560.0,2580.0,2590.0,2640.0,2660.0,2680.0,2700.0,2720.0,2730.0,,,,,,,,,,,,,,
2024-06-06,2380.0,2560.0,2580.0,2600.0,2610.0,2660.0,2680.0,2700.0,2710.0,2730.0,2740.0,,,,,,,,,,,,,,
2024-06-07,2290.0,2490.0,2510.0,2530.0,2540.0,2590.0,2610.0,2630.0,2650.0,2660.0,2680.0,,,,,,,,,,,,,,
2024-06-10,2310.0,2490.0,2510.0,2530.0,2540.0,2590.0,2610.0,2640.0,2650.0,2670.0,2680.0,,,,,,,,,,,,,,
2024-06-11,2320.0,2490.0,2510.0,2530.0,2540.0,2590.0,2610.0,2630.0,2650.0,2670.0,2680.0,,,,,,,,,,,,,,
2024-06-12,2320.0,2520.0,2540.0,2560.0,2570.0,2620.0,2640.0,2660.0,2670.0,2690.0,2700.0,,,,,,,,,,,,,,
2024-06-13,2300.0,2480.0,2500.0,2520.0,2530.0,2580.0,2600.0,2620.0,2630.0,2650.0,2660.0,,,,,,,,,,,,,,
2024-06-14,2330.0,2510.0,2530.0,2550.0,2560.0,2610.0,2630.0,2650.0,2660.0,2680.0,2700.0,,,,,,,,,,,,,,
2024-06-17,2320.0,2490.0,2510.0,2530.0,2540.0,2590.0,2610.0,2630.0,2650.0,2660.0,2680.0,,,,,,,,,,,,,,
2024-06-18,2330.0,2510.0,2530.0,2550.0,2560.0,2610.0,2630.0,2650.0,2660.0,2680.0,2690.0,,,,,,,,,,,,,,
2024-06-20,2360.0,2530.0,2550.0,2570.0,2580.0,2630.0,2650.0,2670.0,2690.0,2710.0,2720.0,,,,,,,,,,,,,,
2024-06-21,2320.0,2490.0,2510.0,2530.0,2540.0,2590.0,2610.0,2640.0,2650.0,2670.0,2680.0,,,,,,,,,,,,,,
2024-06-24,2330.0,2510.0,2530.0,2550.0,2560.0,2610.0,2630.0,2650.0,2660.0,2680.0,2690.0,,,,,,,,,,,,,,
2024-06-25,2320.0,2490.0,2510.0,2530.0,2540.0,2590.0,2610.0,2640.0,2650.0,2670.0,2680.0,,,,,,,,,,,,,,
2024-06-26,2300.0,2480.0,2490.0,2510.0,2520.0,2580.0,2590.0,2620.0,2630.0,2650.0,2660.0,,,,,,,,,,,,,,
2024-06-27,2330.0,2500.0,2520.0,2540.0,2550.0,2600.0,2620.0,2640.0,2650.0,2670.0,2680.0,,,,,,,,,,,,,,
2024-06-28,2330.0,2500.0,2520.0,2540.0,2550.0,2600.0,2620.0,2640.0,2660.0,2670.0,2690.0,,,,,,,,,,,,,,
2024-07-01,2330.0,2500.0,2520.0,2540.0,2550.0,2600.0,2620.0,2640.0,2660.0,2670.0,2690.0,,,,,,,,,,,,,,
2024-07-02,2330.0,2500.0,2520.0,2530.0,2540.0,2600.0,2610.0,2640.0,2650.0,2670.0,2680.0,,,,,,,,,,,,,,
2024-07-03,2360.0,2530.0,2550.0,2570.0,2580.0,2630.0,2650.0,2680.0,2690.0,2710.0,2720.0,,,,,,,,,,,,,,
2024-07-05,2390.0,2560.0,2580.0,2600.0,2610.0,2660.0,2680.0,2700.0,2720.0,2740.0,2750.0,,,,,,,,,,,,,,
2024-07-08,2360.0,2530.0,2550.0,2570.0,2580.0,2630.0,2650.0,2670.0,2680.0,2700.0,2710.0,,,,,,,,,,,,,,
2024-07-09,2360.0,2530.0,2550.0,2570.0,2580.0,2630.0,2650.0,2670.0,2690.0,2710.0,2720.0,,,,,,,,,,,,,,
2024-07-10,2370.0,2540.0,2560.0,2580.0,2590.0,2640.0,2660.0,2690.0,2700.0,2720.0,2730.0,,,,,,,,,,,,,,
2024-07-11,2420.0,2590.0,2610.0,2620.0,2640.0,2690.0,2700.0,2730.0,2740.0,2760.0,2770.0,,,,,,,,,,,,,,
2024-07-12,2410.0,2590.0,2600.0,2620.0,2630.0,2680.0,2700.0,2730.0,2740.0,2760.0,2770.0,,,,,,,,,,,,,,
2024-07-15,2420.0,2590.0,2610.0,2630.0,2640.0,2690.0,2710.0,2730.0,2750.0,2770.0,2780.0,,,,,,,,,,,,,,
2024-07-16,2470.0,2630.0,2650.0,2670.0,2680.0,2730.0,2750.0,2770.0,2790.0,2810.0,2820.0,,,,,,,,,,,,,,
2024-07-17,2460.0,2630.0,2650.0,2660.0,2670.0,2730.0,2740.0,2770.0,2780.0,2800.0,2810.0,,,,,,,,,,,,,,
2024-07-18,2450.0,2620.0,2640.0,2660.0,2670.0,2720.0,2740.0,2760.0,2780.0,2800.0,2810.0,,,,,,,,,,,,,,
2024-07-19,2400.0,2560.0,2580.0,2600.0,2610.0,2660.0,2680.0,2710.0,2720.0,2740.0,2750.0,,,,,,,,,,,,,,
2024-07-22,2400.0,2560.0,2580.0,2590.0,2610.0,2660.0,2680.0,2700.0,2710.0,2730.0,2740.0,,,,,,,,,,,,,,
2024-07-23,2410.0,2570.0,2590.0,2610.0,2620.0,2670.0,2690.0,2710.0,2720.0,2740.0,2760.0,,,,,,,,,,,,,,
2024-07-24,2400.0,2580.0,2600.0,2620.0,2630.0,2680.0,2700.0,2720.0,2730.0,2750.0,2760.0,,,,,,,,,,,,,,
2024-07-25,2360.0,2510.0,2530.0,2550.0,2560.0,2610.0,2630.0,2650.0,2670.0,2690.0,2700.0,,,,,,,,,,,,,,
2024-07-26,2390.0,2540.0,2560.0,2580.0,2590.0,2640.0,2660.0,2680.0,2700.0,2710.0,2730.0,,,,,,,,,,,,,,
2024-07-29,2380.0,2540.0,2560.0,2580.0,2590.0,2640.0,2660.0,2680.0,2690.0,2710.0,2720.0,,,,,,,,,,,,,,
2024-07-30,2410.0,2570.0,2590.0,2600.0,2610.0,2670.0,2680.0,2710.0,2720.0,2740.0,2750.0,,,,,,,,,,,,,,
2024-07-31,2450.0,2590.0,2610.0,2620.0,2640.0,2690.0,2710.0,2730.0,2740.0,2760.0,2770.0,,,,,,,,,,,,,,
2024-08-01,2450.0,2600.0,2610.0,2630.0,2640.0,2690.0,2710.0,2730.0,2740.0,2760.0,2780.0,,,,,,,,,,,,,,
2024-08-02,2440.0,2580.0,2590.0,2610.0,2620.0,2670.0,2690.0,2710.0,2720.0,2740.0,2750.0,,,,,,,,,,,,,,
2024-08-05,2410.0,2540.0,2560.0,2580.0,2590.0,2630.0,2650.0,2670.0,2690.0,2710.0,2720.0,,,,,,,,,,,,,,
2024-08-06,2390.0,2530.0,2550.0,2560.0,2580.0,2620.0,2640.0,2660.0,2680.0,2690.0,2710.0,,,,,,,,,,,,,,
2024-08-07,2380.0,2530.0,2550.0,2570.0,2580.0,2620.0,2640.0,2660.0,2680.0,2700.0,2710.0,,,,,,,,,,,,,,
2024-08-08,2430.0,2570.0,2580.0,2600.0,2610.0,2650.0,2670.0,2700.0,2710.0,2730.0,2740.0,,,,,,,,,,,,,,
2024-08-09,2430.0,2580.0,2590.0,2610.0,2620.0,2670.0,2680.0,2710.0,2720.0,2740.0,2750.0,,,,,,,,,,,,,,
2024-08-12,2470.0,2610.0,2630.0,2640.0,2660.0,2700.0,2720.0,2740.0,2750.0,2770.0,2780.0,,,,,,,,,,,,,,
2024-08-13,2470.0,2610.0,2630.0,2640.0,2660.0,2700.0,2720.0,2740.0,2760.0,2780.0,2790.0,,,,,,,,,,,,,,
2024-08-14,2450.0,2580.0,2600.0,2620.0,2630.0,2670.0,2690.0,2720.0,2730.0,2750.0,2760.0,,,,,,,,,,,,,,
2024-08-15,2460.0,2600.0,2620.0,2630.0,2640.0,2690.0,2710.0,2730.0,2740.0,2760.0,2770.0,,,,,,,,,,,,,,
2024-08-16,2510.0,2650.0,2660.0,2680.0,2690.0,2740.0,2760.0,2780.0,2790.0,2810.0,2820.0,,,,,,,,,,,,,,
2024-08-19,2500.0,2650.0,2670.0,2680.0,2700.0,2740.0,2760.0,2780.0,2800.0,2810.0,2830.0,,,,,,,,,,,,,,
2024-08-20,2510.0,2660.0,2680.0,2690.0,2710.0,2750.0,2770.0,2790.0,2810.0,2830.0,2840.0,,,,,,,,,,,,,,
2024-08-21,2510.0,2660.0,2670.0,2690.0,2700.0,2750.0,2770.0,2790.0,2800.0,2820.0,2830.0,,,,,,,,,,,,,,
2024-08-22,2480.0,2620.0,2640.0,2660.0,2670.0,2720.0,2740.0,2760.0,2770.0,2790.0,2800.0,,,,,,,,,,,,,,
2024-08-23,2510.0,2650.0,2670.0,2690.0,2700.0,2750.0,2760.0,2790.0,2800.0,2820.0,2830.0,,,,,,,,,,,,,,
2024-08-26,2520.0,2660.0,2680.0,2700.0,2710.0,2760.0,2770.0,2800.0,2810.0,2830.0,2840.0,,,,,,,,,,,,,,
2024-08-27,2520.0,2660.0,2680.0,2690.0,2710.0,2750.0,2770.0,2800.0,2810.0,2830.0,2840.0,,,,,,,,,,,,,,
2024-08-28,2500.0,2640.0,2660.0,2680.0,2690.0,2740.0,2760.0,2780.0,2790.0,2810.0,2820.0,,,,,,,,,,,,,,
2024-08-29,2520.0,2670.0,2680.0,2700.0,2710.0,2760.0,2780.0,2800.0,2810.0,2830.0,2840.0,,,,,,,,,,,,,,
2024-08-30,2500.0,2630.0,2650.0,2670.0,2680.0,2730.0,2740.0,2770.0,2780.0,2800.0,2810.0,,,,,,,,,,,,,,
2024-09-03,2490.0,2630.0,2650.0,2660.0,2680.0,2720.0,2740.0,2760.0,2780.0,2800.0,2810.0,,,,,,,,,,,,,,
2024-09-04,2500.0,2630.0,2650.0,2660.0,2680.0,2720.0,2740.0,2760.0,2780.0,2800.0,2810.0,,,,,,,,,,,,,,
2024-09-05,2520.0,2650.0,2660.0,2680.0,2690.0,2740.0,2760.0,2780.0,2790.0,2810.0,2820.0,,,,,,,,,,,,,,
2024-09-06,2500.0,2630.0,2640.0,2660.0,2670.0,2720.0,2730.0,2760.0,2770.0,2790.0,2800.0,,,,,,,,,,,,,,
2024-09-09,2510.0,2630.0,2650.0,2660.0,2680.0,2720.0,2740.0,2760.0,2780.0,2800.0,2810.0,,,,,,,,,,,,,,
2024-09-10,2520.0,2640.0,2660.0,2670.0,2690.0,2730.0,2750.0,2770.0,2790.0,2810.0,2820.0,,,,,,,,,,,,,,
2024-09-11,2510.0,2640.0,2660.0,2670.0,2690.0,2730.0,2750.0,2770.0,2790.0,2810.0,2820.0,,,,,,,,,,,,,,
2024-09-12,2560.0,2680.0,2700.0,2710.0,2730.0,2770.0,2790.0,2810.0,2830.0,2850.0,2860.0,,,,,,,,,,,,,,
2024-09-13,2580.0,2710.0,2730.0,2740.0,2760.0,2800.0,2820.0,2840.0,2850.0,2870.0,2890.0,,,,,,,,,,,,,,
2024-09-16,2580.0,2710.0,2720.0,2740.0,2750.0,2800.0,2820.0,2840.0,2850.0,2870.0,2880.0,,,,,,,,,,,,,,
2024-09-17,2570.0,2690.0,2710.0,2720.0,2740.0,2780.0,2800.0,2820.0,2840.0,2850.0,2870.0,,,,,,,,,,,,,,
2024-09-18,2560.0,2700.0,2720.0,2730.0,2740.0,2790.0,2810.0,2830.0,2840.0,2860.0,2870.0,,,,,,,,,,,,,,
2024-09-19,2590.0,2720.0,2730.0,2740.0,2760.0,2800.0,2820.0,2850.0,2860.0,2880.0,2890.0,,,,,,,,,,,,,,
2024-09-20,2620.0,2750.0,2760.0,2780.0,2790.0,2840.0,2860.0,2880.0,2890.0,2910.0,2920.0,,,,,,,,,,,,,,
2024-09-23,2630.0,2750.0,2770.0,2780.0,2800.0,2840.0,2860.0,2890.0,2900.0,2920.0,2930.0,,,,,,,,,,,,,,
2024-09-24,2660.0,2780.0,2800.0,2810.0,2830.0,2870.0,2920.0,2940.0,2950.0,2970.0,2980.0,,,,,,,,,,,,,,
2024-09-25,2660.0,2790.0,2800.0,2820.0,2830.0,2880.0,2920.0,2950.0,2960.0,2980.0,2990.0,,,,,,,,,,,,,,
2024-09-26,2670.0,2800.0,2810.0,2830.0,2850.0,2890.0,2940.0,2960.0,2970.0,2990.0,3000.0,,,,,,,,,,,,,,
2024-09-27,2650.0,2770.0,2790.0,2800.0,2820.0,2830.0,2860.0,2910.0,2930.0,2940.0,2960.0,2970.0,,,,,,,,,,,,,
2024-09-30,2630.0,2760.0,2780.0,2790.0,2810.0,2830.0,2860.0,2900.0,2920.0,2940.0,2960.0,2970.0,,,,,,,,,,,,,
2024-10-01,2660.0,2800.0,2810.0,2830.0,2840.0,2860.0,2890.0,2930.0,2960.0,2970.0,2990.0,3000.0,,,,,,,,,,,,,
2024-10-02,2660.0,2780.0,2790.0,2810.0,2830.0,2840.0,2870.0,2920.0,2940.0,2950.0,2970.0,2980.0,,,,,,,,,,,,,
2024-10-03,2660.0,2790.0,2800.0,2820.0,2840.0,2850.0,2880.0,2930.0,2950.0,2960.0,2980.0,2990.0,,,,,,,,,,,,,
2024-10-04,2650.0,2780.0,2800.0,2810.0,2830.0,2850.0,2880.0,2920.0,2950.0,2960.0,2980.0,2990.0,,,,,,,,,,,,,
2024-10-07,2640.0,2780.0,2800.0,2810.0,2830.0,2850.0,2880.0,2930.0,2950.0,2960.0,2980.0,3000.0,,,,,,,,,,,,,
2024-10-08,2620.0,2750.0,2770.0,2780.0,2800.0,2820.0,2850.0,2900.0,2920.0,2930.0,2950.0,2960.0,,,,,,,,,,,,,
2024-10-09,2610.0,2740.0,2760.0,2770.0,2790.0,2810.0,2840.0,2890.0,2910.0,2920.0,2940.0,2960.0,,,,,,,,,,,,,
2024-10-10,2630.0,2760.0,2770.0,2790.0,2810.0,2820.0,2860.0,2910.0,2930.0,2940.0,2960.0,2970.0,,,,,,,,,,,,,
2024-10-11,2660.0,2790.0,2810.0,2830.0,2840.0,2860.0,2890.0,2940.0,2970.0,2980.0,3000.0,3010.0,,,,,,,,,,,,,
2024-10-14,2650.0,2780.0,2800.0,2820.0,2830.0,2850.0,2880.0,2930.0,2960.0,2970.0,2990.0,3000.0,,,,,,,,,,,,,
2024-10-15,2660.0,2800.0,2810.0,2830.0,2850.0,2860.0,2900.0,2950.0,2970.0,2980.0,3000.0,3010.0,,,,,,,,,,,,,
2024-10-16,2670.0,2810.0,2830.0,2840.0,2860.0,2880.0,2910.0,2960.0,2980.0,2990.0,3010.0,3030.0,,,,,,,,,,,,,
2024-10-17,2690.0,2830.0,2840.0,2860.0,2880.0,2890.0,2930.0,2980.0,3000.0,3010.0,3030.0,3040.0,,,,,,,,,,,,,
2024-10-18,2720.0,2850.0,2870.0,2880.0,2900.0,2920.0,2950.0,3000.0,3020.0,3040.0,3060.0,3070.0,,,,,,,,,,,,,
2024-10-21,2720.0,2860.0,2880.0,2890.0,2910.0,2930.0,2960.0,3010.0,3030.0,3050.0,3070.0,3080.0,,,,,,,,,,,,,
2024-10-22,2750.0,2880.0,2900.0,2920.0,2930.0,2950.0,2980.0,3040.0,3060.0,3070.0,3090.0,3100.0,,,,,,,,,,,,,
2024-10-23,2720.0,2850.0,2870.0,2890.0,2910.0,2920.0,2960.0,3010.0,3030.0,3050.0,3070.0,3080.0,,,,,,,,,,,,,
2024-10-24,2740.0,2870.0,2890.0,2910.0,2920.0,2940.0,2980.0,3030.0,3050.0,3070.0,3080.0,3100.0,,,,,,,,,,,,,
2024-10-25,2740.0,2880.0,2890.0,2910.0,2930.0,2950.0,2980.0,3040.0,3060.0,3070.0,3090.0,3100.0,,,,,,,,,,,,,
2024-10-28,2740.0,2880.0,2900.0,2910.0,2930.0,2950.0,2990.0,3040.0,3060.0,3070.0,3090.0,3110.0,,,,,,,,,,,,,
2024-10-29,2770.0,2900.0,2920.0,2940.0,2960.0,2980.0,3010.0,3060.0,3090.0,3100.0,3120.0,3130.0,,,,,,,,,,,,,
2024-10-30,2790.0,2930.0,2940.0,2960.0,2980.0,3000.0,3040.0,3090.0,3120.0,3140.0,3160.0,3170.0,,,,,,,,,,,,,
2024-10-31,2750.0,2870.0,2890.0,2910.0,2930.0,2950.0,2980.0,3050.0,3080.0,3090.0,3110.0,3120.0,,,,,,,,,,,,,
2024-11-01,2740.0,2870.0,2890.0,2910.0,2930.0,2950.0,2980.0,3050.0,3080.0,3090.0,3110.0,3120.0,,,,,,,,,,,,,
2024-11-04,2740.0,2870.0,2890.0,2910.0,2930.0,2950.0,2980.0,3040.0,3080.0,3090.0,3110.0,3120.0,,,,,,,,,,,,,
2024-11-05,2740.0,2880.0,2900.0,2920.0,2930.0,2960.0,2990.0,3050.0,3080.0,3090.0,3110.0,3120.0,,,,,,,,,,,,,
2024-11-06,2660.0,2800.0,2820.0,2840.0,2860.0,2880.0,2910.0,2980.0,3010.0,3020.0,3040.0,3050.0,,,,,,,,,,,,,
2024-11-07,2710.0,2830.0,2850.0,2870.0,2890.0,2910.0,2940.0,3010.0,3040.0,3050.0,3070.0,3080.0,,,,,,,,,,,,,
2024-11-08,2690.0,2820.0,2840.0,2860.0,2880.0,2900.0,2930.0,2990.0,3030.0,3040.0,3060.0,3070.0,,,,,,,,,,,,,
2024-11-11,2620.0,2740.0,2760.0,2780.0,2800.0,2820.0,2850.0,2920.0,2950.0,2960.0,2980.0,2990.0,,,,,,,,,,,,,
2024-11-12,2600.0,2730.0,2750.0,2770.0,2790.0,2810.0,2840.0,2900.0,2940.0,2950.0,2970.0,2980.0,,,,,,,,,,,,,
2024-11-13,2570.0,2710.0,2730.0,2750.0,2770.0,2790.0,2820.0,2880.0,2920.0,2930.0,2950.0,2960.0,,,,,,,,,,,,,
2024-11-14,2570.0,2690.0,2710.0,2730.0,2750.0,2770.0,2810.0,2870.0,2900.0,2910.0,2930.0,2940.0,,,,,,,,,,,,,
2024-11-15,2560.0,2690.0,2710.0,2730.0,2750.0,2770.0,2800.0,2860.0,2900.0,2910.0,2930.0,2940.0,,,,,,,,,,,,,
2024-11-18,2610.0,2740.0,2760.0,2780.0,2790.0,2820.0,2850.0,2910.0,2950.0,2960.0,2980.0,2990.0,,,,,,,,,,,,,
2024-11-19,2630.0,2750.0,2770.0,2790.0,2810.0,2830.0,2870.0,2930.0,2960.0,2970.0,2990.0,3000.0,,,,,,,,,,,,,
2024-11-20,2650.0,2780.0,2800.0,2810.0,2830.0,2860.0,2890.0,2950.0,2980.0,3000.0,3020.0,3030.0,,,,,,,,,,,,,
2024-11-21,2670.0,2800.0,2820.0,2840.0,2860.0,2880.0,2910.0,2980.0,3010.0,3020.0,3040.0,3050.0,,,,,,,,,,,,,
2024-11-22,2710.0,2840.0,2860.0,2880.0,2900.0,2920.0,2950.0,3020.0,3050.0,3060.0,3080.0,3090.0,,,,,,,,,,,,,
2024-11-25,2630.0,2740.0,2760.0,2780.0,2800.0,2820.0,2860.0,2920.0,2950.0,2970.0,2990.0,3000.0,,,,,,,,,,,,,
2024-11-26,2630.0,2750.0,2770.0,2790.0,2810.0,2830.0,2860.0,2920.0,2960.0,2970.0,2990.0,3000.0,,,,,,,,,,,,,
2024-11-27,2640.0,2770.0,2790.0,2800.0,2820.0,2840.0,2860.0,2880.0,2930.0,2980.0,2990.0,3010.0,3020.0,,,,,,,,,,,,
2024-11-29,2650.0,2780.0,2800.0,2820.0,2840.0,2860.0,2870.0,2890.0,2940.0,2990.0,3000.0,3020.0,3030.0,,,,,,,,,,,,
2024-12-02,2640.0,2760.0,2780.0,2800.0,2820.0,2840.0,2860.0,2870.0,2920.0,2980.0,3030.0,3080.0,3090.0,,,,,,,,,,,,
2024-12-03,2640.0,2770.0,2790.0,2810.0,2820.0,2850.0,2860.0,2880.0,2930.0,2980.0,3030.0,3080.0,3100.0,,,,,,,,,,,,
2024-12-04,2650.0,2780.0,2800.0,2810.0,2830.0,2850.0,2870.0,2890.0,2940.0,2990.0,3040.0,3090.0,3100.0,,,,,,,,,,,,
2024-12-05,2630.0,2750.0,2770.0,2780.0,2800.0,2820.0,2840.0,2860.0,2910.0,2960.0,3010.0,3060.0,3070.0,,,,,,,,,,,,
2024-12-06,2630.0,2760.0,2780.0,2790.0,2810.0,2830.0,2850.0,2870.0,2920.0,2970.0,3020.0,3070.0,3080.0,,,,,,,,,,,,
2024-12-09,2660.0,2790.0,2810.0,2830.0,2840.0,2860.0,2880.0,2900.0,2950.0,3000.0,3050.0,3100.0,3110.0,,,,,,,,,,,,
2024-12-10,2690.0,2820.0,2840.0,2860.0,2880.0,2900.0,2910.0,2930.0,2980.0,3040.0,3090.0,3140.0,3150.0,,,,,,,,,,,,
2024-12-11,2720.0,2860.0,2880.0,2890.0,2910.0,2930.0,2950.0,2970.0,3020.0,3070.0,3120.0,3170.0,3180.0,,,,,,,,,,,,
2024-12-12,2680.0,2810.0,2830.0,2850.0,2870.0,2890.0,2910.0,2920.0,2970.0,3030.0,3080.0,3130.0,3140.0,,,,,,,,,,,,
2024-12-13,2650.0,2780.0,2800.0,2820.0,2840.0,2860.0,2870.0,2890.0,2940.0,3000.0,3050.0,3100.0,3110.0,,,,,,,,,,,,
2024-12-16,2650.0,2770.0,2790.0,2810.0,2830.0,2850.0,2870.0,2880.0,2940.0,2990.0,3040.0,3090.0,3100.0,,,,,,,,,,,,
2024-12-17,2650.0,2770.0,2790.0,2810.0,2820.0,2850.0,2860.0,2880.0,2930.0,2980.0,3030.0,3080.0,3100.0,,,,,,,,,,,,
2024-12-18,2590.0,2760.0,2780.0,2800.0,2820.0,2840.0,2860.0,2870.0,2920.0,2980.0,3030.0,3080.0,3090.0,,,,,,,,,,,,
2024-12-19,2590.0,2720.0,2740.0,2760.0,2780.0,2800.0,2810.0,2830.0,2880.0,2940.0,2990.0,3040.0,3050.0,,,,,,,,,,,,
2024-12-20,2620.0,2750.0,2780.0,2790.0,2810.0,2830.0,2850.0,2870.0,2920.0,2970.0,3020.0,3070.0,3080.0,,,,,,,,,,,,
2024-12-23,2610.0,2740.0,2760.0,2780.0,2800.0,2820.0,2840.0,2850.0,2900.0,2960.0,3010.0,3060.0,3070.0,,,,,,,,,,,,
2024-12-24,2620.0,2750.0,2770.0,2790.0,2810.0,2830.0,2850.0,2860.0,2910.0,2970.0,3020.0,3070.0,3080.0,,,,,,,,,,,,
2024-12-26,2630.0,2770.0,2790.0,2810.0,2830.0,2850.0,2870.0,2880.0,2940.0,2990.0,3040.0,3090.0,3100.0,,,,,,,,,,,,
2024-12-27,2620.0,2750.0,2770.0,2790.0,2810.0,2830.0,2850.0,2860.0,2920.0,2970.0,3020.0,3070.0,3080.0,,,,,,,,,,,,
2024-12-30,2610.0,2740.0,2760.0,2780.0,2800.0,2820.0,2840.0,2860.0,2910.0,2960.0,3010.0,3060.0,3070.0,,,,,,,,,,,,
2024-12-31,2620.0,2770.0,2790.0,2810.0,2830.0,2850.0,2870.0,2890.0,2940.0,2990.0,3040.0,3090.0,3100.0,,,,,,,,,,,,
2025-01-02,2660.0,2790.0,2810.0,2830.0,2850.0,2870.0,2890.0,2910.0,2960.0,3020.0,3070.0,3120.0,3130.0,,,,,,,,,,,,
2025-01-03,2640.0,2770.0,2790.0,2810.0,2830.0,2860.0,2870.0,2890.0,2940.0,3000.0,3050.0,3100.0,3110.0,,,,,,,,,,,,
2025-01-06,2640.0,2760.0,2790.0,2800.0,2820.0,2850.0,2860.0,2880.0,2940.0,2990.0,3040.0,3090.0,3100.0,,,,,,,,,,,,
2025-01-07,2650.0,2780.0,2800.0,2820.0,2840.0,2870.0,2880.0,2900.0,2960.0,3010.0,3060.0,3110.0,3120.0,,,,,,,,,,,,
2025-01-08,2660.0,2790.0,2810.0,2830.0,2850.0,2870.0,2890.0,2910.0,2960.0,3020.0,3070.0,3120.0,3130.0,,,,,,,,,,,,
2025-01-09,2670.0,2810.0,2830.0,2850.0,2870.0,2890.0,2910.0,2930.0,2980.0,3040.0,3090.0,3140.0,3150.0,,,,,,,,,,,,
2025-01-10,2690.0,2830.0,2860.0,2880.0,2900.0,2920.0,2940.0,2950.0,3010.0,3060.0,3110.0,3160.0,3170.0,,,,,,,,,,,,
2025-01-13,2660.0,2790.0,2820.0,2840.0,2860.0,2880.0,2900.0,2910.0,2970.0,3020.0,3070.0,3120.0,3130.0,,,,,,,,,,,,
2025-01-14,2680.0,2800.0,2820.0,2840.0,2860.0,2890.0,2900.0,2920.0,2970.0,3030.0,3080.0,3130.0,3140.0,,,,,,,,,,,,
2025-01-15,2700.0,2840.0,2860.0,2880.0,2900.0,2920.0,2940.0,2960.0,3010.0,3060.0,3110.0,3160.0,3180.0,,,,,,,,,,,,
2025-01-16,2710.0,2870.0,2890.0,2910.0,2930.0,2960.0,2970.0,2990.0,3050.0,3100.0,3150.0,3200.0,3210.0,,,,,,,,,,,,
2025-01-17,2700.0,2870.0,2890.0,2910.0,2930.0,2960.0,2970.0,2990.0,3040.0,3100.0,3150.0,3200.0,3210.0,,,,,,,,,,,,
2025-01-21,2740.0,2880.0,2900.0,2930.0,2950.0,2970.0,2990.0,3000.0,3060.0,3110.0,3160.0,3210.0,3220.0,,,,,,,,,,,,
2025-01-22,2760.0,2890.0,2920.0,2940.0,2960.0,2980.0,3000.0,3020.0,3070.0,3120.0,3170.0,3220.0,3230.0,,,,,,,,,,,,
2025-01-23,2750.0,2890.0,2910.0,2930.0,2950.0,2970.0,2990.0,3010.0,3060.0,3120.0,3170.0,3220.0,3230.0,,,,,,,,,,,,
2025-01-24,2770.0,2900.0,2930.0,2950.0,2970.0,2990.0,3010.0,3030.0,3080.0,3130.0,3180.0,3230.0,3240.0,,,,,,,,,,,,
2025-01-27,2740.0,2860.0,2890.0,2910.0,2930.0,2950.0,2970.0,2990.0,3040.0,3090.0,3140.0,3190.0,3210.0,,,,,,,,,,,,
2025-01-28,2760.0,2900.0,2920.0,2940.0,2960.0,2980.0,3000.0,3020.0,3080.0,3130.0,3180.0,3230.0,3240.0,,,,,,,,,,,,
2025-01-29,2760.0,2890.0,2910.0,2940.0,2960.0,2980.0,3000.0,3010.0,3070.0,3120.0,3170.0,3220.0,3230.0,,,,,,,,,,,,
2025-01-30,2790.0,2940.0,2970.0,2990.0,3010.0,3030.0,3050.0,3070.0,3120.0,3170.0,3220.0,3270.0,3280.0,,,,,,,,,,,,
2025-01-31,2800.0,2930.0,2950.0,2980.0,3000.0,3020.0,3040.0,3050.0,3110.0,3160.0,3210.0,3260.0,3270.0,,,,,,,,,,,,
2025-02-03,2820.0,2950.0,2970.0,3000.0,3020.0,3040.0,3060.0,3070.0,3130.0,3180.0,3230.0,3280.0,3290.0,,,,,,,,,,,,
2025-02-04,2840.0,2970.0,2990.0,3020.0,3040.0,3060.0,3080.0,3090.0,3150.0,3200.0,3250.0,3300.0,3310.0,,,,,,,,,,,,
2025-02-05,2870.0,2990.0,3010.0,3030.0,3050.0,3080.0,3090.0,3110.0,3170.0,3220.0,3270.0,3320.0,3330.0,,,,,,,,,,,,
2025-02-06,2860.0,2980.0,3000.0,3020.0,3040.0,3060.0,3080.0,3100.0,3150.0,3210.0,3260.0,3310.0,3320.0,,,,,,,,,,,,
2025-02-07,2860.0,2990.0,3020.0,3040.0,3060.0,3080.0,3100.0,3120.0,3170.0,3220.0,3270.0,3320.0,3330.0,,,,,,,,,,,,
2025-02-10,2910.0,3040.0,3060.0,3090.0,3110.0,3130.0,3150.0,3170.0,3220.0,3270.0,3330.0,3380.0,3390.0,,,,,,,,,,,,
2025-02-11,2900.0,3040.0,3060.0,3090.0,3110.0,3130.0,3150.0,3170.0,3230.0,3280.0,3330.0,3380.0,3400.0,,,,,,,,,,,,
2025-02-12,2900.0,3040.0,3060.0,3080.0,3110.0,3130.0,3150.0,3170.0,3230.0,3280.0,3340.0,3390.0,3400.0,,,,,,,,,,,,
2025-02-13,2930.0,3050.0,3080.0,3100.0,3120.0,3150.0,3170.0,3190.0,3250.0,3300.0,3360.0,3410.0,3420.0,,,,,,,,,,,,
2025-02-14,2890.0,3000.0,3030.0,3050.0,3080.0,3100.0,3120.0,3140.0,3200.0,3250.0,3310.0,3360.0,3370.0,,,,,,,,,,,,
2025-02-18,2940.0,3050.0,3080.0,3100.0,3120.0,3150.0,3170.0,3190.0,3250.0,3300.0,3360.0,3410.0,3420.0,,,,,,,,,,,,
2025-02-19,2930.0,3040.0,3060.0,3080.0,3110.0,3130.0,3150.0,3170.0,3230.0,3290.0,3340.0,3390.0,3400.0,,,,,,,,,,,,
2025-02-20,2940.0,3060.0,3080.0,3100.0,3130.0,3150.0,3170.0,3190.0,3250.0,3310.0,3360.0,3410.0,3420.0,,,,,,,,,,,,
2025-02-21,2930.0,3050.0,3080.0,3100.0,3120.0,3150.0,3170.0,3190.0,3250.0,3300.0,3360.0,3410.0,3420.0,,,,,,,,,,,,
2025-02-24,2950.0,3070.0,3090.0,3110.0,3130.0,3160.0,3180.0,3200.0,3260.0,3320.0,3370.0,3420.0,3430.0,,,,,,,,,,,,
2025-02-25,2910.0,3020.0,3040.0,3070.0,3090.0,3110.0,3130.0,3160.0,3220.0,3270.0,3330.0,3380.0,3390.0,,,,,,,,,,,,
2025-02-26,2920.0,3030.0,3060.0,3080.0,3100.0,3120.0,3150.0,3170.0,3230.0,3280.0,3340.0,3390.0,3400.0,,,,,,,,,,,,
2025-02-27,2880.0,3000.0,3020.0,3040.0,3070.0,3090.0,3110.0,3130.0,3160.0,3190.0,3250.0,3300.0,3350.0,3370.0,,,,,,,,,,,
2025-02-28,2850.0,2950.0,2970.0,3000.0,3020.0,3040.0,3060.0,3080.0,3110.0,3140.0,3200.0,3260.0,3310.0,3320.0,,,,,,,,,,,
2025-03-03,2890.0,3000.0,3030.0,3050.0,3070.0,3090.0,3120.0,3140.0,3160.0,3200.0,3250.0,3310.0,3360.0,3370.0,,,,,,,,,,,
2025-03-04,2920.0,3020.0,3050.0,3070.0,3090.0,3110.0,3130.0,3160.0,3180.0,3220.0,3270.0,3330.0,3380.0,3390.0,,,,,,,,,,,
2025-03-05,2920.0,3030.0,3050.0,3070.0,3100.0,3120.0,3140.0,3160.0,3190.0,3220.0,3280.0,3330.0,3380.0,3400.0,,,,,,,,,,,
2025-03-06,2910.0,3030.0,3050.0,3070.0,3100.0,3120.0,3140.0,3160.0,3190.0,3220.0,3280.0,3330.0,3380.0,3400.0,,,,,,,,,,,
2025-03-07,2910.0,3020.0,3040.0,3060.0,3080.0,3100.0,3130.0,3150.0,3170.0,3210.0,3270.0,3320.0,3370.0,3380.0,,,,,,,,,,,
2025-03-10,2880.0,3000.0,3020.0,3040.0,3070.0,3090.0,3110.0,3130.0,3160.0,3190.0,3250.0,3310.0,3360.0,3370.0,,,,,,,,,,,
2025-03-11,2920.0,3020.0,3040.0,3070.0,3090.0,3110.0,3130.0,3150.0,3180.0,3210.0,3270.0,3330.0,3380.0,3390.0,,,,,,,,,,,
2025-03-12,2940.0,3050.0,3070.0,3090.0,3110.0,3140.0,3160.0,3180.0,3200.0,3240.0,3300.0,3350.0,3400.0,3410.0,,,,,,,,,,,
2025-03-13,2990.0,3090.0,3120.0,3140.0,3160.0,3180.0,3200.0,3220.0,3250.0,3280.0,3340.0,3400.0,3450.0,3460.0,,,,,,,,,,,
2025-03-14,2990.0,3100.0,3120.0,3150.0,3170.0,3190.0,3210.0,3230.0,3260.0,3290.0,3350.0,3410.0,3460.0,3470.0,,,,,,,,,,,
2025-03-17,3000.0,3110.0,3130.0,3150.0,3170.0,3200.0,3220.0,3240.0,3260.0,3300.0,3350.0,3410.0,3460.0,3470.0,,,,,,,,,,,
2025-03-18,3030.0,3140.0,3170.0,3190.0,3210.0,3230.0,3250.0,3280.0,3300.0,3340.0,3390.0,3450.0,3500.0,3510.0,,,,,,,,,,,
2025-03-19,3050.0,3140.0,3170.0,3190.0,3210.0,3230.0,3260.0,3280.0,3300.0,3340.0,3390.0,3450.0,3500.0,3510.0,,,,,,,,,,,
2025-03-20,3050.0,3150.0,3170.0,3190.0,3210.0,3240.0,3260.0,3280.0,3300.0,3340.0,3400.0,3450.0,3500.0,3510.0,,,,,,,,,,,
2025-03-21,3020.0,3120.0,3140.0,3160.0,3190.0,3210.0,3230.0,3250.0,3280.0,3310.0,3370.0,3430.0,3480.0,3490.0,,,,,,,,,,,
2025-03-24,3010.0,3120.0,3140.0,3160.0,3180.0,3200.0,3220.0,3240.0,3270.0,3300.0,3360.0,3420.0,3470.0,3480.0,,,,,,,,,,,
2025-03-25,3020.0,3130.0,3150.0,3170.0,3190.0,3210.0,3230.0,3260.0,3280.0,3320.0,3370.0,3430.0,3480.0,3490.0,,,,,,,,,,,
2025-03-26,3020.0,3120.0,3150.0,3170.0,3190.0,3210.0,3230.0,3250.0,3280.0,3310.0,3370.0,3430.0,3480.0,3490.0,,,,,,,,,,,
2025-03-27,3060.0,3160.0,3190.0,3210.0,3230.0,3250.0,3270.0,3290.0,3310.0,3350.0,3400.0,3460.0,3510.0,3530.0,,,,,,,,,,,
2025-03-28,3090.0,3190.0,3210.0,3230.0,3250.0,3270.0,3290.0,3310.0,3340.0,3370.0,3420.0,3480.0,3540.0,3550.0,,,,,,,,,,,
2025-03-31,3120.0,3220.0,3250.0,3270.0,3290.0,3310.0,3330.0,3350.0,3380.0,3400.0,3460.0,3520.0,3570.0,3580.0,,,,,,,,,,,
2025-04-01,3110.0,3220.0,3240.0,3260.0,3280.0,3310.0,3330.0,3350.0,3370.0,3400.0,3460.0,3520.0,3570.0,3580.0,,,,,,,,,,,
2025-04-02,3140.0,3240.0,3260.0,3280.0,3310.0,3330.0,3350.0,3370.0,3400.0,3420.0,3480.0,3540.0,3590.0,3610.0,,,,,,,,,,,
2025-04-03,3110.0,3200.0,3220.0,3240.0,3260.0,3280.0,3300.0,3320.0,3350.0,3380.0,3440.0,3490.0,3550.0,3560.0,,,,,,,,,,,
2025-04-04,3040.0,3110.0,3130.0,3150.0,3170.0,3190.0,3210.0,3230.0,3260.0,3290.0,3340.0,3400.0,3460.0,3470.0,,,,,,,,,,,
2025-04-07,2980.0,3040.0,3070.0,3090.0,3110.0,3130.0,3150.0,3170.0,3200.0,3220.0,3280.0,3340.0,3390.0,3410.0,,,,,,,,,,,
2025-04-08,2980.0,3060.0,3080.0,3110.0,3130.0,3150.0,3170.0,3190.0,3210.0,3240.0,3300.0,3360.0,3410.0,3430.0,,,,,,,,,,,
2025-04-09,3080.0,3150.0,3180.0,3200.0,3220.0,3240.0,3260.0,3280.0,3310.0,3340.0,3400.0,3460.0,3510.0,3520.0,,,,,,,,,,,
2025-04-10,3180.0,3250.0,3280.0,3300.0,3320.0,3340.0,3360.0,3380.0,3410.0,3440.0,3500.0,3560.0,3610.0,3630.0,,,,,,,,,,,
2025-04-11,3230.0,3330.0,3350.0,3370.0,3400.0,3420.0,3440.0,3460.0,3480.0,3510.0,3520.0,3570.0,3630.0,3690.0,3700.0,,,,,,,,,,
2025-04-14,3210.0,3300.0,3330.0,3350.0,3380.0,3400.0,3420.0,3440.0,3460.0,3490.0,3500.0,3560.0,3610.0,3670.0,3680.0,,,,,,,,,,
2025-04-15,3230.0,3320.0,3340.0,3370.0,3390.0,3410.0,3430.0,3460.0,3480.0,3500.0,3510.0,3570.0,3630.0,3690.0,3700.0,,,,,,,,,,
2025-04-16,3340.0,3430.0,3450.0,3480.0,3500.0,3520.0,3550.0,3570.0,3590.0,3610.0,3620.0,3680.0,3740.0,3800.0,3810.0,,,,,,,,,,
2025-04-17,3330.0,3410.0,3440.0,3460.0,3480.0,3510.0,3530.0,3550.0,3570.0,3590.0,3600.0,3660.0,3720.0,3780.0,3790.0,,,,,,,,,,
2025-04-21,3420.0,3510.0,3530.0,3560.0,3580.0,3600.0,3630.0,3650.0,3670.0,3700.0,3710.0,3770.0,3820.0,3880.0,3900.0,,,,,,,,,,
2025-04-22,3380.0,3500.0,3530.0,3550.0,3580.0,3600.0,3620.0,3640.0,3670.0,3690.0,3700.0,3760.0,3820.0,3880.0,3900.0,,,,,,,,,,
2025-04-23,3290.0,3380.0,3400.0,3430.0,3450.0,3470.0,3500.0,3520.0,3540.0,3570.0,3580.0,3640.0,3700.0,3760.0,3770.0,,,,,,,,,,
2025-04-24,3350.0,3430.0,3460.0,3480.0,3510.0,3530.0,3550.0,3570.0,3600.0,3620.0,3640.0,3700.0,3760.0,3820.0,3830.0,,,,,,,,,,
2025-04-25,3300.0,3380.0,3410.0,3430.0,3450.0,3480.0,3500.0,3520.0,3550.0,3570.0,3590.0,3650.0,3710.0,3770.0,3790.0,,,,,,,,,,
2025-04-28,3340.0,3430.0,3460.0,3480.0,3500.0,3530.0,3550.0,3570.0,3600.0,3620.0,3640.0,3700.0,3760.0,3820.0,3840.0,,,,,,,,,,
2025-04-29,3320.0,3420.0,3440.0,3470.0,3490.0,3510.0,3540.0,3560.0,3580.0,3610.0,3630.0,3690.0,3750.0,3820.0,3870.0,,,,,,,,,,
2025-04-30,3290.0,3400.0,3430.0,3450.0,3470.0,3500.0,3520.0,3540.0,3560.0,3590.0,3610.0,3670.0,3730.0,3800.0,3850.0,,,,,,,,,,
2025-05-01,3240.0,3300.0,3330.0,3350.0,3370.0,3400.0,3420.0,3440.0,3470.0,3490.0,3510.0,3570.0,3640.0,3700.0,3760.0,,,,,,,,,,
2025-05-02,3230.0,3320.0,3350.0,3370.0,3400.0,3420.0,3440.0,3460.0,3490.0,3510.0,3530.0,3600.0,3660.0,3720.0,3780.0,,,,,,,,,,
2025-05-05,3330.0,3400.0,3430.0,3450.0,3480.0,3500.0,3520.0,3550.0,3570.0,3590.0,3610.0,3680.0,3740.0,3800.0,3860.0,,,,,,,,,,
2025-05-06,3430.0,3510.0,3530.0,3560.0,3580.0,3600.0,3630.0,3650.0,3670.0,3700.0,3720.0,3780.0,3840.0,3910.0,3970.0,,,,,,,,,,
2025-05-07,3360.0,3480.0,3500.0,3530.0,3550.0,3580.0,3600.0,3620.0,3640.0,3660.0,3690.0,3750.0,3810.0,3880.0,3940.0,,,,,,,,,,
2025-05-08,3310.0,3390.0,3420.0,3440.0,3460.0,3490.0,3510.0,3530.0,3560.0,3580.0,3600.0,3660.0,3730.0,3790.0,3850.0,,,,,,,,,,
2025-05-09,3330.0,3430.0,3450.0,3480.0,3500.0,3530.0,3550.0,3570.0,3600.0,3620.0,3640.0,3700.0,3770.0,3830.0,3890.0,,,,,,,,,,
2025-05-12,3240.0,3310.0,3340.0,3360.0,3380.0,3410.0,3430.0,3450.0,3480.0,3500.0,3520.0,3590.0,3650.0,3720.0,3770.0,,,,,,,,,,
2025-05-13,3250.0,3330.0,3360.0,3380.0,3410.0,3430.0,3450.0,3480.0,3500.0,3520.0,3540.0,3610.0,3670.0,3740.0,3800.0,,,,,,,,,,
2025-05-14,3180.0,3270.0,3300.0,3320.0,3340.0,3370.0,3390.0,3410.0,3440.0,3460.0,3480.0,3550.0,3610.0,3680.0,3730.0,,,,,,,,,,
2025-05-15,3240.0,3310.0,3330.0,3360.0,3380.0,3400.0,3430.0,3450.0,3480.0,3500.0,3520.0,3580.0,3650.0,3710.0,3770.0,,,,,,,,,,
2025-05-16,3190.0,3270.0,3290.0,3320.0,3340.0,3360.0,3390.0,3410.0,3430.0,3460.0,3480.0,3540.0,3610.0,3670.0,3730.0,,,,,,,,,,
2025-05-19,3230.0,3320.0,3340.0,3370.0,3390.0,3410.0,3440.0,3460.0,3480.0,3500.0,3530.0,3590.0,3660.0,3720.0,3780.0,,,,,,,,,,
2025-05-20,3290.0,3370.0,3390.0,3420.0,3440.0,3460.0,3490.0,3510.0,3530.0,3550.0,3580.0,3640.0,3710.0,3770.0,3830.0,,,,,,,,,,
2025-05-21,3320.0,3400.0,3420.0,3450.0,3470.0,3490.0,3520.0,3540.0,3570.0,3590.0,3610.0,3670.0,3740.0,3800.0,3860.0,,,,,,,,,,
2025-05-22,3290.0,3380.0,3410.0,3430.0,3450.0,3480.0,3500.0,3520.0,3550.0,3570.0,3590.0,3650.0,3720.0,3780.0,3840.0,,,,,,,,,,
2025-05-23,3360.0,3450.0,3480.0,3500.0,3530.0,3550.0,3570.0,3600.0,3620.0,3640.0,3660.0,3730.0,3790.0,3860.0,3920.0,,,,,,,,,,
2025-05-27,3300.0,3390.0,3410.0,3440.0,3460.0,3490.0,3510.0,3530.0,3560.0,3580.0,3600.0,3660.0,3730.0,3790.0,3850.0,,,,,,,,,,
2025-05-28,3290.0,3380.0,3410.0,3430.0,3450.0,3480.0,3500.0,3520.0,3550.0,3570.0,3590.0,3660.0,3720.0,3790.0,3840.0,,,,,,,,,,
2025-05-29,3320.0,3400.0,3420.0,3450.0,3470.0,3500.0,3520.0,3540.0,3570.0,3590.0,3610.0,3670.0,3740.0,3800.0,3860.0,,,,,,,,,,
2025-05-30,3290.0,3370.0,3400.0,3420.0,3440.0,3470.0,3490.0,3510.0,3540.0,3560.0,3580.0,3650.0,3710.0,3780.0,3830.0,,,,,,,,,,
2025-06-02,3380.0,3450.0,3480.0,3500.0,3530.0,3550.0,3570.0,3600.0,3620.0,3640.0,3660.0,3730.0,3790.0,3860.0,3920.0,,,,,,,,,,
2025-06-03,3350.0,3430.0,3460.0,3490.0,3510.0,3530.0,3560.0,3580.0,3600.0,3630.0,3650.0,3710.0,3780.0,3840.0,3900.0,,,,,,,,,,
2025-06-04,3370.0,3460.0,3480.0,3510.0,3530.0,3560.0,3580.0,3600.0,3630.0,3650.0,3670.0,3730.0,3800.0,3860.0,3920.0,,,,,,,,,,
2025-06-05,3350.0,3430.0,3460.0,3480.0,3510.0,3530.0,3550.0,3570.0,3600.0,3620.0,3640.0,3710.0,3770.0,3840.0,3890.0,,,,,,,,,,
2025-06-06,3310.0,3400.0,3430.0,3450.0,3480.0,3500.0,3520.0,3550.0,3570.0,3590.0,3610.0,3680.0,3740.0,3810.0,3870.0,,,,,,,,,,
2025-06-09,3330.0,3410.0,3440.0,3460.0,3490.0,3510.0,3530.0,3550.0,3580.0,3600.0,3620.0,3690.0,3750.0,3820.0,3870.0,,,,,,,,,,
2025-06-10,3320.0,3400.0,3430.0,3450.0,3470.0,3500.0,3520.0,3540.0,3570.0,3590.0,3610.0,3670.0,3740.0,3800.0,3860.0,,,,,,,,,,
2025-06-11,3360.0,3400.0,3430.0,3450.0,3470.0,3500.0,3520.0,3540.0,3570.0,3590.0,3610.0,3670.0,3740.0,3800.0,3860.0,,,,,,,,,,
2025-06-12,3390.0,3460.0,3480.0,3510.0,3530.0,3560.0,3580.0,3600.0,3620.0,3640.0,3670.0,3730.0,3800.0,3860.0,3920.0,,,,,,,,,,
2025-06-13,3430.0,3510.0,3540.0,3560.0,3580.0,3610.0,3630.0,3650.0,3680.0,3700.0,3720.0,3780.0,3850.0,3910.0,3970.0,,,,,,,,,,
2025-06-16,3390.0,3470.0,3500.0,3520.0,3550.0,3570.0,3590.0,3620.0,3640.0,3660.0,3680.0,3750.0,3810.0,3880.0,3930.0,,,,,,,,,,
2025-06-17,3390.0,3460.0,3490.0,3520.0,3540.0,3560.0,3590.0,3610.0,3630.0,3650.0,3670.0,3740.0,3800.0,3870.0,3930.0,,,,,,,,,,
2025-06-18,3370.0,3460.0,3490.0,3520.0,3540.0,3560.0,3580.0,3610.0,3630.0,3650.0,3670.0,3740.0,3800.0,3870.0,3930.0,,,,,,,,,,
2025-06-20,3370.0,3440.0,3470.0,3490.0,3520.0,3540.0,3560.0,3580.0,3610.0,3630.0,3650.0,3720.0,3780.0,3850.0,3900.0,,,,,,,,,,
2025-06-23,3370.0,3450.0,3480.0,3500.0,3530.0,3550.0,3570.0,3590.0,3620.0,3640.0,3660.0,3720.0,3790.0,3850.0,3910.0,,,,,,,,,,
2025-06-24,3320.0,3390.0,3420.0,3440.0,3460.0,3490.0,3510.0,3530.0,3550.0,3580.0,3600.0,3660.0,3730.0,3790.0,3850.0,,,,,,,,,,
2025-06-25,3330.0,3400.0,3430.0,3450.0,3470.0,3500.0,3520.0,3540.0,3560.0,3590.0,3610.0,3670.0,3740.0,3800.0,3860.0,,,,,,,,,,
2025-06-26,3330.0,3400.0,3430.0,3450.0,3480.0,3500.0,3520.0,3550.0,3570.0,3590.0,3610.0,3630.0,3680.0,3740.0,3810.0,3860.0,,,,,,,,,
2025-06-27,3270.0,3340.0,3370.0,3390.0,3420.0,3440.0,3460.0,3480.0,3510.0,3530.0,3550.0,3570.0,3610.0,3680.0,3740.0,3800.0,,,,,,,,,
2025-06-30,3300.0,3360.0,3390.0,3410.0,3440.0,3460.0,3480.0,3500.0,3530.0,3550.0,3570.0,3590.0,3630.0,3700.0,3760.0,3820.0,,,,,,,,,
2025-07-01,3340.0,3410.0,3430.0,3460.0,3480.0,3500.0,3520.0,3550.0,3570.0,3590.0,3610.0,3630.0,3680.0,3740.0,3810.0,3860.0,,,,,,,,,
2025-07-02,3360.0,3420.0,3440.0,3470.0,3490.0,3510.0,3540.0,3560.0,3580.0,3600.0,3620.0,3650.0,3690.0,3750.0,3820.0,3880.0,,,,,,,,,
2025-07-03,3330.0,3400.0,3430.0,3450.0,3470.0,3500.0,3520.0,3540.0,3560.0,3590.0,3610.0,3630.0,3670.0,3740.0,3800.0,3860.0,,,,,,,,,
2025-07-04,3340.0,3400.0,3430.0,3450.0,3500.0,3540.0,,,,,,,,,,,,,,,,,,,
2025-07-07,3340.0,3400.0,3430.0,3450.0,3470.0,3500.0,3520.0,3540.0,3560.0,3580.0,3610.0,3630.0,3670.0,3740.0,3800.0,3860.0,,,,,,,,,
2025-07-08,3300.0,3370.0,3400.0,3420.0,3450.0,3470.0,3500.0,3520.0,3540.0,3560.0,3580.0,3610.0,3650.0,3710.0,3780.0,3840.0,,,,,,,,,
2025-07-09,3310.0,3380.0,3400.0,3430.0,3450.0,3480.0,3500.0,3520.0,3540.0,3560.0,3580.0,3610.0,3650.0,3710.0,3780.0,3840.0,,,,,,,,,
2025-07-10,3320.0,3380.0,3410.0,3430.0,3460.0,3480.0,3500.0,3530.0,3550.0,3570.0,3590.0,3610.0,3660.0,3720.0,3790.0,3840.0,,,,,,,,,
2025-07-11,3360.0,3420.0,3450.0,3470.0,3490.0,3520.0,3540.0,3560.0,3580.0,3610.0,3630.0,3650.0,3690.0,3760.0,3820.0,3880.0,,,,,,,,,
2025-07-14,3340.0,3420.0,3440.0,3470.0,3490.0,3520.0,3540.0,3560.0,3580.0,3600.0,3620.0,3650.0,3690.0,3750.0,3820.0,3880.0,,,,,,,,,
2025-07-15,3320.0,3390.0,3420.0,3440.0,3470.0,3490.0,3520.0,3540.0,3560.0,3580.0,3600.0,3630.0,3670.0,3730.0,3800.0,3850.0,,,,,,,,,
2025-07-16,3350.0,3420.0,3440.0,3470.0,3490.0,3510.0,3540.0,3560.0,3580.0,3600.0,3620.0,3650.0,3690.0,3750.0,3820.0,3880.0,,,,,,,,,
2025-07-17,3340.0,3400.0,3430.0,3450.0,3480.0,3500.0,3520.0,3540.0,3570.0,3590.0,3610.0,3630.0,3680.0,3740.0,3810.0,3860.0,,,,,,,,,
2025-07-18,3350.0,3410.0,3440.0,3470.0,3490.0,3510.0,3540.0,3560.0,3580.0,3600.0,3620.0,3650.0,3690.0,3750.0,3820.0,3880.0,,,,,,,,,
2025-07-21,3400.0,3460.0,3490.0,3520.0,3540.0,3560.0,3590.0,3610.0,3630.0,3650.0,3670.0,3700.0,3740.0,3800.0,3870.0,3930.0,,,,,,,,,
2025-07-22,3430.0,3500.0,3530.0,3560.0,3580.0,3600.0,3630.0,3650.0,3670.0,3690.0,3710.0,3740.0,3780.0,3850.0,3910.0,3970.0,,,,,,,,,
2025-07-23,3390.0,3460.0,3480.0,3510.0,3530.0,3560.0,3580.0,3600.0,3620.0,3640.0,3660.0,3690.0,3730.0,3800.0,3860.0,3920.0,,,,,,,,,
2025-07-24,3370.0,3430.0,3460.0,3480.0,3510.0,3530.0,3550.0,3580.0,3600.0,3620.0,3640.0,3670.0,3710.0,3770.0,3840.0,3900.0,,,,,,,,,
2025-07-25,3340.0,3390.0,3420.0,3440.0,3470.0,3490.0,3510.0,3530.0,3560.0,3580.0,3600.0,3620.0,3670.0,3730.0,3800.0,3850.0,,,,,,,,,
2025-07-28,3310.0,3370.0,3390.0,3420.0,3440.0,3470.0,3490.0,3510.0,3530.0,3550.0,3580.0,3600.0,3640.0,3710.0,3770.0,3830.0,,,,,,,,,
2025-07-29,3330.0,3380.0,3410.0,3430.0,3460.0,3480.0,3500.0,3520.0,3550.0,3570.0,3590.0,3610.0,3650.0,3720.0,3790.0,3840.0,,,,,,,,,
2025-07-30,3280.0,3350.0,3380.0,3400.0,3430.0,3450.0,3470.0,3500.0,3520.0,3540.0,3560.0,3580.0,3630.0,3690.0,3760.0,3810.0,,,,,,,,,
2025-07-31,3290.0,3350.0,3380.0,3400.0,3420.0,3450.0,3470.0,3490.0,3510.0,3540.0,3560.0,3580.0,3620.0,3690.0,3750.0,3810.0,,,,,,,,,
2025-08-01,3360.0,3400.0,3430.0,3450.0,3470.0,3500.0,3520.0,3540.0,3560.0,3580.0,3600.0,3620.0,3670.0,3730.0,3800.0,3860.0,,,,,,,,,
2025-08-04,3370.0,3430.0,3450.0,3480.0,3500.0,3520.0,3540.0,3570.0,3590.0,3610.0,3630.0,3650.0,3690.0,3760.0,3820.0,3880.0,,,,,,,,,
2025-08-05,3380.0,3430.0,3460.0,3490.0,3510.0,3530.0,3550.0,3570.0,3600.0,3620.0,3640.0,3660.0,3700.0,3770.0,3830.0,3890.0,,,,,,,,,
2025-08-06,3370.0,3430.0,3460.0,3480.0,3510.0,3530.0,3550.0,3570.0,3590.0,3610.0,3640.0,3660.0,3700.0,3760.0,3830.0,3890.0,,,,,,,,,
2025-08-07,3400.0,3450.0,3480.0,3500.0,3520.0,3550.0,3570.0,3590.0,3610.0,3630.0,3650.0,3670.0,3710.0,3780.0,3840.0,3900.0,,,,,,,,,
2025-08-08,3400.0,3490.0,3520.0,3540.0,3560.0,3580.0,3600.0,3620.0,3640.0,3660.0,3680.0,3700.0,3750.0,3810.0,3880.0,3930.0,,,,,,,,,
2025-08-11,3340.0,3400.0,3430.0,3460.0,3480.0,3510.0,3530.0,3550.0,3570.0,3590.0,3610.0,3630.0,3680.0,3740.0,3810.0,3860.0,,,,,,,,,
2025-08-12,3350.0,3400.0,3430.0,3450.0,3480.0,3500.0,3520.0,3540.0,3570.0,3580.0,3610.0,3630.0,3670.0,3730.0,3800.0,3860.0,,,,,,,,,
2025-08-13,3360.0,3410.0,3440.0,3460.0,3480.0,3510.0,3530.0,3550.0,3570.0,3590.0,3610.0,3640.0,3680.0,3740.0,3810.0,3870.0,,,,,,,,,
2025-08-14,3340.0,3380.0,3410.0,3440.0,3460.0,3480.0,3500.0,3530.0,3550.0,3570.0,3590.0,3610.0,3650.0,3720.0,3780.0,3840.0,,,,,,,,,
2025-08-15,3340.0,3380.0,3410.0,3430.0,3460.0,3480.0,3500.0,3520.0,3540.0,3560.0,3580.0,3610.0,3650.0,3710.0,3770.0,3830.0,,,,,,,,,
2025-08-18,3330.0,3380.0,3410.0,3430.0,3450.0,3480.0,3500.0,3520.0,3540.0,3560.0,3580.0,3600.0,3640.0,3710.0,3770.0,3830.0,,,,,,,,,
2025-08-19,3320.0,3360.0,3390.0,3410.0,3430.0,3460.0,3480.0,3500.0,3520.0,3540.0,3560.0,3580.0,3620.0,3690.0,3750.0,3810.0,,,,,,,,,
2025-08-20,3350.0,3390.0,3420.0,3440.0,3460.0,3490.0,3510.0,3530.0,3550.0,3570.0,3590.0,3610.0,3650.0,3720.0,3780.0,3840.0,,,,,,,,,
2025-08-21,3340.0,3380.0,3410.0,3430.0,3460.0,3480.0,3500.0,3520.0,3540.0,3560.0,3590.0,3610.0,3650.0,3710.0,3770.0,3830.0,,,,,,,,,
2025-08-22,3370.0,3420.0,3450.0,3470.0,3490.0,3520.0,3540.0,3560.0,3580.0,3600.0,3620.0,3640.0,3680.0,3750.0,3810.0,3870.0,,,,,,,,,
2025-08-25,3370.0,3420.0,3450.0,3470.0,3490.0,3520.0,3540.0,3560.0,3580.0,3600.0,3620.0,3640.0,3680.0,3750.0,3810.0,3870.0,,,,,,,,,
2025-08-26,3390.0,3430.0,3460.0,3490.0,3510.0,3530.0,3550.0,3580.0,3600.0,3620.0,3640.0,3660.0,3700.0,3760.0,3830.0,3890.0,,,,,,,,,
2025-08-27,3400.0,3450.0,3480.0,3500.0,3530.0,3550.0,3570.0,3600.0,3620.0,3640.0,3660.0,3680.0,3700.0,3720.0,3780.0,3850.0,3910.0,,,,,,,,
2025-08-28,3420.0,3470.0,3500.0,3530.0,3550.0,3570.0,3600.0,3620.0,3640.0,3660.0,3680.0,3700.0,3730.0,3740.0,3810.0,3870.0,3930.0,,,,,,,,
2025-08-29,3450.0,3520.0,3540.0,3570.0,3590.0,3620.0,3640.0,3660.0,3690.0,3710.0,3730.0,3750.0,3770.0,3790.0,3850.0,3920.0,3970.0,,,,,,,,
2025-09-02,3530.0,3590.0,3620.0,3650.0,3670.0,3690.0,3720.0,3740.0,3760.0,3780.0,3800.0,3820.0,3850.0,3870.0,3930.0,3990.0,4050.0,,,,,,,,
2025-09-03,3560.0,3640.0,3660.0,3690.0,3710.0,3740.0,3760.0,3780.0,3810.0,3830.0,3850.0,3870.0,3890.0,3910.0,3970.0,4040.0,4100.0,,,,,,,,
2025-09-04,3550.0,3610.0,3640.0,3660.0,3690.0,3710.0,3730.0,3760.0,3780.0,3800.0,3820.0,3840.0,3860.0,3880.0,3950.0,4010.0,4070.0,,,,,,,,
2025-09-05,3590.0,3650.0,3680.0,3710.0,3730.0,3760.0,3780.0,3800.0,3820.0,3840.0,3860.0,3890.0,3910.0,3930.0,3990.0,4060.0,4110.0,,,,,,,,
2025-09-08,3640.0,3680.0,3710.0,3730.0,3760.0,3780.0,3800.0,3820.0,3840.0,3870.0,3890.0,3910.0,3930.0,3950.0,4010.0,4080.0,4140.0,,,,,,,,
2025-09-09,3630.0,3680.0,3710.0,3740.0,3760.0,3780.0,3810.0,3830.0,3850.0,3870.0,3890.0,3910.0,3930.0,3950.0,4020.0,4080.0,4140.0,,,,,,,,
2025-09-10,3640.0,3680.0,3710.0,3740.0,3760.0,3780.0,3810.0,3830.0,3850.0,3870.0,3890.0,3910.0,3930.0,3950.0,4020.0,4080.0,4140.0,,,,,,,,
2025-09-11,3630.0,3670.0,3700.0,3730.0,3750.0,3780.0,3800.0,3820.0,3840.0,3860.0,3880.0,3900.0,3930.0,3940.0,4010.0,4070.0,4130.0,,,,,,,,
2025-09-12,3640.0,3690.0,3720.0,3740.0,3770.0,3790.0,3810.0,3830.0,3850.0,3870.0,3890.0,3920.0,3940.0,3960.0,4020.0,4090.0,4140.0,,,,,,,,
2025-09-15,3680.0,3720.0,3750.0,3770.0,3800.0,3820.0,3840.0,3870.0,3890.0,3910.0,3930.0,3950.0,3970.0,3990.0,4050.0,4120.0,4180.0,,,,,,,,
2025-09-16,3690.0,3730.0,3750.0,3780.0,3800.0,3830.0,3850.0,3870.0,3890.0,3910.0,3940.0,3960.0,3980.0,4000.0,4060.0,4130.0,4180.0,,,,,,,,
2025-09-17,3660.0,3720.0,3750.0,3770.0,3800.0,3820.0,3840.0,3870.0,3890.0,3910.0,3930.0,3950.0,3970.0,3990.0,4060.0,4120.0,4180.0,,,,,,,,
2025-09-18,3640.0,3680.0,3710.0,3730.0,3760.0,3780.0,3800.0,3820.0,3850.0,3870.0,3890.0,3910.0,3930.0,3950.0,4010.0,4080.0,4140.0,,,,,,,,
2025-09-19,3680.0,3710.0,3730.0,3760.0,3790.0,3810.0,3830.0,3850.0,3870.0,3900.0,3920.0,3940.0,3960.0,3980.0,4040.0,4110.0,4170.0,,,,,,,,
2025-09-22,3750.0,3780.0,3800.0,3830.0,3860.0,3880.0,3900.0,3920.0,3940.0,3970.0,3990.0,4010.0,4030.0,4050.0,4120.0,4180.0,4240.0,,,,,,,,
2025-09-23,3760.0,3820.0,3850.0,3870.0,3900.0,3920.0,3940.0,3970.0,3990.0,4010.0,4030.0,4050.0,4070.0,4090.0,4160.0,4230.0,4290.0,,,,,,,,
2025-09-24,3740.0,3770.0,3800.0,3820.0,3850.0,3880.0,3900.0,3920.0,3940.0,3960.0,3980.0,4000.0,4020.0,4050.0,4110.0,4180.0,4240.0,,,,,,,,
2025-09-25,3750.0,3770.0,3800.0,3830.0,3860.0,3880.0,3900.0,3930.0,3950.0,3970.0,3990.0,4010.0,4030.0,4050.0,4120.0,4190.0,4250.0,,,,,,,,
2025-09-26,3770.0,3810.0,3840.0,3870.0,3890.0,3920.0,3940.0,3960.0,3990.0,4010.0,4030.0,4050.0,4070.0,4090.0,4160.0,4230.0,4290.0,,,,,,,,
2025-09-29,3830.0,3860.0,3890.0,3910.0,3940.0,3970.0,3990.0,4020.0,4040.0,4060.0,4080.0,4100.0,4120.0,4150.0,4220.0,4280.0,4350.0,,,,,,,,
2025-09-30,3860.0,3870.0,3900.0,3930.0,3960.0,3990.0,4010.0,4030.0,4060.0,4080.0,4100.0,4120.0,4140.0,4160.0,4230.0,4300.0,4370.0,,,,,,,,
2025-10-01,3870.0,3900.0,3930.0,3960.0,3980.0,4010.0,4040.0,4060.0,4080.0,4110.0,4130.0,4150.0,4170.0,4200.0,4270.0,4340.0,4400.0,,,,,,,,
2025-10-02,3860.0,3870.0,3900.0,3930.0,3950.0,3980.0,4010.0,4030.0,4050.0,4080.0,4100.0,4120.0,4150.0,4170.0,4240.0,4310.0,4370.0,,,,,,,,
2025-10-03,3890.0,3910.0,3940.0,3970.0,4000.0,4020.0,4050.0,4070.0,4100.0,4120.0,4140.0,4160.0,4190.0,4210.0,4280.0,4350.0,4410.0,,,,,,,,
2025-10-06,3960.0,3980.0,4010.0,4040.0,4070.0,4090.0,4120.0,4140.0,4170.0,4190.0,4210.0,4240.0,4260.0,4280.0,4350.0,4430.0,4490.0,,,,,,,,
2025-10-07,3980.0,4000.0,4040.0,4070.0,4100.0,4120.0,4150.0,4180.0,4200.0,4230.0,4250.0,4270.0,4290.0,4320.0,4390.0,4460.0,4530.0,,,,,,,,
2025-10-08,4040.0,4070.0,4100.0,4130.0,4160.0,4190.0,4220.0,4250.0,4280.0,4300.0,4320.0,4350.0,4370.0,4390.0,4470.0,4540.0,4600.0,,,,,,,,
2025-10-09,3980.0,3970.0,4000.0,4030.0,4060.0,4090.0,4120.0,4150.0,4170.0,4200.0,4220.0,4250.0,4270.0,4290.0,4370.0,4440.0,4510.0,,,,,,,,
2025-10-10,4010.0,4000.0,4030.0,4060.0,4090.0,4120.0,4150.0,4170.0,4200.0,4220.0,4250.0,4270.0,4300.0,4320.0,4400.0,4470.0,4540.0,,,,,,,,
2025-10-13,4110.0,4130.0,4170.0,4200.0,4230.0,4260.0,4280.0,4310.0,4340.0,4360.0,4390.0,4410.0,4430.0,4460.0,4530.0,4610.0,4670.0,,,,,,,,
2025-10-14,4140.0,4160.0,4200.0,4230.0,4260.0,4290.0,4310.0,4340.0,4370.0,4390.0,4420.0,4440.0,4460.0,4490.0,4570.0,4640.0,4700.0,,,,,,,,
2025-10-15,4210.0,4200.0,4240.0,4270.0,4300.0,4320.0,4350.0,4380.0,4410.0,4430.0,4460.0,4480.0,4500.0,4530.0,4610.0,4680.0,4740.0,,,,,,,,
2025-10-16,4330.0,4300.0,4340.0,4370.0,4400.0,4430.0,4460.0,4480.0,4510.0,4540.0,4560.0,4590.0,4610.0,4640.0,4720.0,4790.0,4860.0,,,,,,,,
2025-10-17,4230.0,4210.0,4250.0,4280.0,4310.0,4340.0,4360.0,4390.0,4420.0,4440.0,4470.0,4490.0,4520.0,4540.0,4620.0,4700.0,4760.0,,,,,,,,
2025-10-20,4360.0,4360.0,4390.0,4430.0,4460.0,4490.0,4510.0,4540.0,4570.0,4590.0,4620.0,4650.0,4670.0,4700.0,4780.0,4850.0,4920.0,,,,,,,,
2025-10-21,4120.0,4110.0,4140.0,4170.0,4200.0,4230.0,4260.0,4280.0,4310.0,4330.0,4360.0,4390.0,4410.0,4440.0,4510.0,4590.0,4660.0,,,,,,,,
2025-10-22,4100.0,4070.0,4100.0,4130.0,4160.0,4190.0,4210.0,4240.0,4270.0,4290.0,4320.0,4340.0,4370.0,4390.0,4470.0,4550.0,4610.0,,,,,,,,
2025-10-23,4130.0,4150.0,4180.0,4210.0,4240.0,4270.0,4300.0,4320.0,4350.0,4380.0,4400.0,4430.0,4450.0,4480.0,4560.0,4630.0,4700.0,,,,,,,,
2025-10-24,4100.0,4140.0,4170.0,4200.0,4230.0,4260.0,4290.0,4320.0,4340.0,4370.0,4390.0,4420.0,4440.0,4470.0,4550.0,4620.0,4690.0,,,,,,,,
2025-10-27,3990.0,4020.0,4050.0,4080.0,4110.0,4140.0,4170.0,4190.0,4220.0,4240.0,4270.0,4300.0,4320.0,4350.0,4420.0,4500.0,4570.0,,,,,,,,
2025-10-28,3930.0,3980.0,4020.0,4040.0,4070.0,4100.0,4130.0,4150.0,4180.0,4210.0,4230.0,4260.0,4280.0,4310.0,4390.0,4460.0,4530.0,,,,,,,,
2025-10-29,3940.0,4000.0,4030.0,4060.0,4090.0,4120.0,4150.0,4180.0,4200.0,4230.0,4260.0,4280.0,4310.0,4330.0,4410.0,4490.0,4550.0,,,,,,,,
2025-10-30,4040.0,4020.0,4050.0,4080.0,4110.0,4140.0,4170.0,4200.0,4220.0,4250.0,4280.0,4300.0,4330.0,4360.0,4440.0,4510.0,4580.0,,,,,,,,
2025-10-31,4000.0,4000.0,4030.0,4060.0,4090.0,4120.0,4150.0,4170.0,4200.0,4230.0,4260.0,4280.0,4310.0,4340.0,4420.0,4510.0,4580.0,,,,,,,,
2025-11-03,4000.0,4010.0,4050.0,4080.0,4110.0,4140.0,4170.0,4190.0,4220.0,4250.0,4280.0,4300.0,4330.0,4360.0,4440.0,4520.0,4590.0,,,,,,,,
2025-11-04,3930.0,3960.0,3990.0,4020.0,4050.0,4080.0,4110.0,4140.0,4170.0,4190.0,4220.0,4250.0,4270.0,4300.0,4380.0,4460.0,4530.0,,,,,,,,
2025-11-05,3980.0,3990.0,4030.0,4060.0,4090.0,4120.0,4140.0,4170.0,4200.0,4230.0,4260.0,4280.0,4310.0,4340.0,4420.0,4500.0,4560.0,,,,,,,,
2025-11-06,3980.0,3990.0,4020.0,4050.0,4080.0,4110.0,4140.0,4170.0,4200.0,4230.0,4250.0,4280.0,4310.0,4330.0,4410.0,4490.0,4560.0,,,,,,,,
2025-11-07,4000.0,4010.0,4040.0,4070.0,4100.0,4130.0,4160.0,4190.0,4220.0,4240.0,4270.0,4300.0,4320.0,4350.0,4430.0,4510.0,4580.0,,,,,,,,
2025-11-10,4120.0,4120.0,4160.0,4190.0,4220.0,4250.0,4270.0,4300.0,4330.0,4360.0,4380.0,4410.0,4440.0,4460.0,4540.0,4620.0,4690.0,,,,,,,,
2025-11-11,4130.0,4120.0,4150.0,4180.0,4210.0,4240.0,4270.0,4300.0,4320.0,4350.0,4380.0,4400.0,4430.0,4460.0,4540.0,4620.0,4690.0,,,,,,,,
2025-11-12,4200.0,4210.0,4250.0,4280.0,4310.0,4340.0,4370.0,4390.0,4420.0,4450.0,4470.0,4500.0,4530.0,4550.0,4630.0,4710.0,4780.0,,,,,,,,
2025-11-13,4170.0,4190.0,4230.0,4260.0,4290.0,4320.0,4350.0,4380.0,4400.0,4430.0,4460.0,4480.0,4510.0,4530.0,4620.0,4700.0,4770.0,,,,,,,,
2025-11-14,4090.0,4090.0,4130.0,4160.0,4190.0,4220.0,4250.0,4270.0,4300.0,4320.0,4350.0,4380.0,4400.0,4430.0,4510.0,4590.0,4660.0,,,,,,,,
2025-11-17,4050.0,4070.0,4110.0,4140.0,4170.0,4200.0,4230.0,4250.0,4280.0,4310.0,4330.0,4360.0,4390.0,4410.0,4500.0,4580.0,4650.0,,,,,,,,
2025-11-18,4070.0,4070.0,4100.0,4130.0,4160.0,4190.0,4220.0,4240.0,4270.0,4300.0,4320.0,4350.0,4380.0,4400.0,4480.0,4560.0,4640.0,,,,,,,,
2025-11-19,4080.0,4080.0,4120.0,4150.0,4180.0,4210.0,4230.0,4260.0,4290.0,4310.0,4340.0,4370.0,4390.0,4420.0,4500.0,4580.0,4650.0,,,,,,,,
2025-11-20,4080.0,4060.0,4100.0,4130.0,4150.0,4180.0,4210.0,4240.0,4260.0,4290.0,4310.0,4340.0,4370.0,4390.0,4480.0,4560.0,4630.0,,,,,,,,
2025-11-21,4070.0,4080.0,4120.0,4140.0,4170.0,4200.0,4230.0,4250.0,4280.0,4300.0,4330.0,4350.0,4380.0,4400.0,4480.0,4560.0,4630.0,,,,,,,,
2025-11-24,4140.0,4090.0,4130.0,4160.0,4190.0,4220.0,4240.0,4270.0,4290.0,4320.0,4340.0,4370.0,4390.0,4420.0,4500.0,4580.0,4650.0,,,,,,,,
2025-11-25,4130.0,4140.0,4180.0,4210.0,4240.0,4260.0,4290.0,4320.0,4340.0,4370.0,4390.0,4420.0,4440.0,4470.0,4550.0,4630.0,4700.0,,,,,,,,
2025-11-26,4160.0,4170.0,4200.0,4230.0,4260.0,4290.0,4320.0,4340.0,4370.0,4390.0,4420.0,4440.0,4470.0,4490.0,4570.0,4650.0,4720.0,,,,,,,,
2025-11-28,4250.0,4220.0,4250.0,4280.0,4310.0,4340.0,4370.0,4400.0,4420.0,4450.0,4470.0,4500.0,4520.0,4550.0,4630.0,4710.0,4780.0,,,,,,,,
2025-12-01,4230.0,4240.0,4270.0,4310.0,4340.0,4370.0,4390.0,4420.0,4450.0,4470.0,4500.0,4520.0,4550.0,4570.0,4650.0,4730.0,4800.0,,,,,,,,
2025-12-02,4210.0,4190.0,4220.0,4250.0,4280.0,4310.0,4340.0,4370.0,4390.0,4420.0,4440.0,4470.0,4490.0,4520.0,4600.0,4680.0,4750.0,,,,,,,,
2025-12-03,4200.0,4200.0,4230.0,4260.0,4290.0,4320.0,4350.0,4380.0,4400.0,4430.0,4450.0,4480.0,4500.0,4530.0,4610.0,4690.0,4760.0,,,,,,,,
2025-12-04,4210.0,4210.0,4240.0,4270.0,4300.0,4330.0,4360.0,4390.0,4410.0,4440.0,4460.0,4490.0,4510.0,4540.0,4620.0,4700.0,4770.0,,,,,,,,
2025-12-05,4200.0,4210.0,4240.0,4270.0,4300.0,4340.0,4360.0,4390.0,4410.0,4440.0,4460.0,4490.0,4510.0,4540.0,4620.0,4700.0,4770.0,,,,,,,,
2025-12-08,4190.0,4190.0,4220.0,4250.0,4280.0,4310.0,4340.0,4360.0,4390.0,4410.0,4440.0,4460.0,4490.0,4510.0,4590.0,4670.0,4740.0,,,,,,,,
2025-12-09,4210.0,4210.0,4240.0,4270.0,4300.0,4330.0,4360.0,4380.0,4410.0,4430.0,4460.0,4480.0,4510.0,4530.0,4610.0,4690.0,4760.0,,,,,,,,
2025-12-10,4230.0,4200.0,4220.0,4260.0,4290.0,4320.0,4340.0,4370.0,4400.0,4420.0,4450.0,4470.0,4500.0,4520.0,4600.0,4680.0,4750.0,,,,,,,,
2025-12-11,4280.0,4290.0,4310.0,4340.0,4380.0,4410.0,4430.0,4460.0,4490.0,4510.0,4540.0,4560.0,4590.0,4610.0,4690.0,4770.0,4840.0,,,,,,,,
2025-12-12,4300.0,4300.0,4330.0,4360.0,4390.0,4420.0,4450.0,4480.0,4500.0,4530.0,4550.0,4580.0,4610.0,4630.0,4710.0,4790.0,4860.0,,,,,,,,
2025-12-15,4310.0,4310.0,4340.0,4370.0,4400.0,4430.0,4460.0,4480.0,4510.0,4540.0,4560.0,4590.0,4620.0,4640.0,4720.0,4800.0,4870.0,,,,,,,,
2025-12-16,4300.0,4300.0,4330.0,4360.0,4400.0,4430.0,4450.0,4480.0,4510.0,4530.0,4560.0,4590.0,4610.0,4640.0,4720.0,4800.0,4870.0,,,,,,,,
2025-12-17,4340.0,4350.0,4370.0,4410.0,4440.0,4470.0,4500.0,4520.0,4550.0,4580.0,4600.0,4630.0,4660.0,4680.0,4760.0,4840.0,4910.0,,,,,,,,
2025-12-18,4330.0,4340.0,4360.0,4400.0,4430.0,4460.0,4490.0,4510.0,4540.0,4570.0,4590.0,4620.0,4650.0,4670.0,4750.0,4830.0,4900.0,,,,,,,,
2025-12-19,4340.0,4360.0,4390.0,4420.0,4450.0,4480.0,4510.0,4540.0,4570.0,4590.0,4620.0,4650.0,4670.0,4700.0,4780.0,4860.0,4930.0,,,,,,,,
2025-12-22,4440.0,4440.0,4470.0,4500.0,4530.0,4570.0,4590.0,4620.0,4650.0,4680.0,4700.0,4730.0,4760.0,4780.0,4860.0,4940.0,5010.0,,,,,,,,
2025-12-23,4480.0,4480.0,4510.0,4540.0,4570.0,4600.0,4630.0,4660.0,4690.0,4720.0,4740.0,4770.0,4790.0,4820.0,4900.0,4980.0,5050.0,,,,,,,,
2025-12-24,4480.0,4480.0,4500.0,4540.0,4570.0,4600.0,4630.0,4660.0,4690.0,4710.0,4740.0,4760.0,4790.0,4810.0,4890.0,4970.0,5040.0,,,,,,,,
2025-12-26,4530.0,4530.0,4550.0,4590.0,4620.0,4650.0,4680.0,4710.0,4740.0,4770.0,4800.0,4820.0,4850.0,4870.0,4950.0,5020.0,5100.0,,,,,,,,
2025-12-29,4330.0,4340.0,4380.0,4410.0,4440.0,4470.0,4500.0,4520.0,4550.0,4580.0,4610.0,4640.0,4660.0,4750.0,4830.0,4910.0,,,,,,,,,
2025-12-30,4340.0,4390.0,4420.0,4450.0,4480.0,4510.0,4540.0,4570.0,4600.0,4630.0,4650.0,4680.0,4710.0,4800.0,4880.0,4970.0,,,,,,,,,
2025-12-31,4320.0,4340.0,4370.0,4410.0,4440.0,4470.0,4500.0,4530.0,4550.0,4580.0,4610.0,4640.0,4670.0,4750.0,4840.0,4920.0,,,,,,,,,
2026-01-02,4330.0,4330.0,4360.0,4390.0,4430.0,4460.0,4480.0,4510.0,4540.0,4570.0,4600.0,4630.0,4650.0,4740.0,4820.0,4910.0,,,,,,,,,
2026-01-05,4450.0,4450.0,4480.0,4520.0,4550.0,4580.0,4610.0,4640.0,4670.0,4690.0,4720.0,4750.0,4780.0,4860.0,4950.0,5030.0,,,,,,,,,
2026-01-06,4500.0,4500.0,4530.0,4560.0,4600.0,4630.0,4660.0,4690.0,4710.0,4740.0,4770.0,4800.0,4830.0,4910.0,5000.0,5080.0,,,,,,,,,
2026-01-07,4460.0,4460.0,4500.0,4530.0,4560.0,4590.0,4620.0,4650.0,4680.0,4710.0,4730.0,4760.0,4790.0,4880.0,4960.0,5040.0,,,,,,,,,
2026-01-08,4480.0,4460.0,4490.0,4530.0,4560.0,4590.0,4620.0,4650.0,4680.0,4710.0,4730.0,4760.0,4790.0,4880.0,4970.0,5050.0,,,,,,,,,
2026-01-09,4510.0,4500.0,4530.0,4570.0,4600.0,4630.0,4660.0,4690.0,4720.0,4750.0,4780.0,4810.0,4830.0,4920.0,5010.0,5090.0,,,,,,,,,
2026-01-12,4600.0,4610.0,4650.0,4680.0,4720.0,4750.0,4780.0,4810.0,4840.0,4870.0,4890.0,4920.0,4950.0,5040.0,5120.0,5210.0,,,,,,,,,
2026-01-13,4590.0,4600.0,4630.0,4670.0,4700.0,4730.0,4760.0,4790.0,4820.0,4850.0,4880.0,4900.0,4930.0,5020.0,5110.0,5190.0,,,,,,,,,
2026-01-14,4630.0,4640.0,4670.0,4700.0,4740.0,4770.0,4800.0,4830.0,4860.0,4890.0,4910.0,4940.0,4970.0,5050.0,5140.0,5230.0,,,,,,,,,
2026-01-15,4620.0,4620.0,4660.0,4690.0,4730.0,4760.0,4790.0,4820.0,4850.0,4880.0,4900.0,4930.0,4960.0,5040.0,5130.0,5220.0,,,,,,,,,
2026-01-16,4580.0,4600.0,4630.0,4660.0,4700.0,4730.0,4760.0,4790.0,4820.0,4850.0,4880.0,4900.0,4930.0,5010.0,5100.0,5190.0,,,,,,,,,
2026-01-20,4760.0,4770.0,4800.0,4840.0,4870.0,4900.0,4930.0,4960.0,4990.0,5020.0,5050.0,5080.0,5100.0,5190.0,5270.0,5360.0,,,,,,,,,
2026-01-21,4830.0,4840.0,4870.0,4910.0,4940.0,4980.0,5010.0,5040.0,5070.0,5100.0,5120.0,5150.0,5180.0,5260.0,5340.0,5430.0,,,,,,,,,
2026-01-22,4940.0,4910.0,4950.0,4990.0,5020.0,5050.0,5090.0,5120.0,5150.0,5180.0,5200.0,5230.0,5260.0,5340.0,5420.0,5500.0,,,,,,,,,
2026-01-23,4980.0,4980.0,5020.0,5060.0,5090.0,5130.0,5160.0,5190.0,5220.0,5250.0,5280.0,5310.0,5340.0,5420.0,5500.0,5580.0,,,,,,,,,
2026-01-26,5010.0,5080.0,5120.0,5160.0,5200.0,5240.0,5270.0,5310.0,5340.0,5370.0,5400.0,5430.0,5450.0,5540.0,5620.0,5700.0,,,,,,,,,
2026-01-27,5180.0,5080.0,5120.0,5160.0,5200.0,5230.0,5270.0,5300.0,5330.0,5370.0,5400.0,5420.0,5450.0,5540.0,5620.0,5700.0,,,,,,,,,
2026-01-28,5420.0,5300.0,5340.0,5380.0,5420.0,5460.0,5490.0,5530.0,5560.0,5600.0,5630.0,5660.0,5690.0,5780.0,5870.0,5960.0,,,,,,,,,
2026-01-29,5380.0,5320.0,5350.0,5400.0,5440.0,5470.0,5510.0,5540.0,5580.0,5610.0,5640.0,5670.0,5700.0,5790.0,5880.0,5970.0,,,,,,,,,
2026-01-30,4850.0,5040.0,5070.0,5110.0,5140.0,5180.0,5210.0,5290.0,5290.0,5300.0,5360.0,5030.0,5440.0,5150.0,5600.0,5680.0,,,,,,,,,
