Date,0.5,1,1.5,2,2.5,3,3.5,4,4.5,5,5.5,6,6.5,7,7.5,8,8.5,9,9.5,10,10.5,11,11.5,12,12.5,13,13.5,14,14.5,15,15.5,16,16.5,17,17.5,18,18.5,19,19.5,20,20.5,21,21.5,22,22.5,23,23.5,24,24.5,25,25.5,26,26.5,27,27.5,28,28.5,29,29.5,30,30.5,31,31.5,32,32.5,33,33.5,34,34.5,35,35.5,36,36.5,37,37.5,38,38.5,39,39.5,40
2026-01-01,,,,,,,,,,,,,,,,,,,,,,,,,,,,,,,,,,,,,,,,,,,,,,,,,,,,,,,,,,,,,,,,,,,,,,,,,,,,,,,,
2026-01-02,,3.5713662498023586,3.618809995907356,3.653631677229036,3.693021931392078,3.73935454852073,3.791772917802356,3.849094462707985,3.910347434195598,3.974682925607949,4.041269472592805,4.109269858347916,4.177878594536413,4.246353454867617,4.314048920369231,4.3804404408582505,4.445128885426132,4.507821453850244,4.568316747121448,4.626484542549445,4.682248673626236,4.735573828593162,4.786448250026202,4.834876369468259,4.880871058467505,4.924444907261759,4.965610997153299,5.004382444636842,5.0407770028530505,5.074821727195638,5.106556945244919,5.1360358068473335,5.16332229256276,5.188490436901001,5.211623558986941,5.232814860739175,5.252167544404451,5.269792177350677,5.2858030466169845,5.300314235893492,5.313435534812382,5.325270331228508,5.335913219794451,5.345449384839858,5.353953272992424,5.361487743232887,5.368105006579026,5.373846907372617,5.378744922108039,5.382821125318763,5.38608915556102,5.388555048100788,5.390218573270075,5.391074767511532,5.391115486058566,5.390330968688806,5.388710400109572,5.386243022072423,5.3829185153951045,5.37872735421763,5.373661066686764,5.367712343738937,5.3608747588292935,5.353142627336224,5.344510925676732,5.334975209867845,5.324531568178569,5.313176581992924,5.300907292273559,5.287721202929986,5.273616296330274,5.258591007057441,5.242644328282188,5.225776359007626,5.207988497945068,5.189283365917773,5.169664862153037,5.149138645213974,5.127712273087549,5.105395094297451
2026-01-05,,3.5588475132242525,3.603397954224447,3.637220836520467,3.676253305498571,3.722278463011218,3.774270893864981,3.831030562589592,3.891616240079048,3.9552224754910577,4.021063578874737,4.088345507834666,4.156300022176234,4.224213718468303,4.291459314049921,4.357519900747637,4.421995091125445,4.484584850371106,4.545076837653649,4.603328347062279,4.659250704298472,4.712796609734523,4.763943371545799,4.812685289911018,4.859025821247153,4.902969070219026,4.944520526319715,4.9836862890008655,5.020477492845212,5.054914955770306,5.087032936248555,5.116878687538863,5.144510793862479,5.169998759286549,5.193422303984136,5.214872071405603,5.234449768375527,5.252265419971955,5.26843361802066,5.28306942345816,5.296284139928918,5.30818308745623,5.318863114005216,5.328411911665111,5.336906580350219,5.344412695655799,5.350985233412227,5.356668798903311,5.361497574107988,5.365496249077857,5.368680956003193,5.371060058142178,5.372635480578165,5.373404247134578,5.373360036592855,5.372494737195572,5.37079901041596,5.368263381053975,5.364878627457499,5.360636089879681,5.355527914849456,5.349547216804531,5.3426877775871615,5.334943913256354,5.326310447436328,5.316782691775411,5.306356411958795,5.295027794323874,5.282793418662827,5.269650283294615,5.255595845436786,5.240627999097136,5.224745186589494,5.207946955848124,5.190234155304393,5.171608856158193,5.152074413738087,5.131635961523941,5.110300552922537,5.088077051852425
2026-01-06,,3.5440719931673623,3.584451289197448,3.6164407439965456,3.654694631657575,3.700325750206685,3.752035820152885,3.808533131002082,3.868861911542246,3.932228716097976,3.997864916269157,4.064990558295123,4.132846833554766,4.200726606329725,4.268006922527325,4.334173863298229,4.398828156558932,4.461668909405712,4.522480519531861,4.5811148539737365,4.637476056532576,4.6915083420476895,4.743179998940234,4.792475835647153,4.839389497192806,4.883915480593578,4.926050194175759,4.965791123046553,5.003141299931912,5.038114221702388,5.070737634811461,5.101053164342417,5.129114799016168,5.154988502223235,5.178751435072569,5.200492694129441,5.220313407031275,5.238323881403387,5.254639827793565,5.2693781461278535,5.282652618402698,5.294571581158429,5.305235363819764,5.314735562685086,5.323153437739306,5.330558805573539,5.337010933029225,5.342558649908663,5.347240168535726,5.351083964826637,5.354109675680998,5.356328835069748,5.357746182711385,5.358361194036098,5.358169650319219,5.35716519466362,5.355339921805325,5.35268549074952,5.349193556888018,5.344856094111277,5.339665655899595,5.333615623253872,5.326699892008548,5.318912740394571,5.310248840440396,5.300703280817851,5.290271542424872,5.278949469546308,5.266733247738753,5.253619446538873,5.23960507949004,5.224687585192205,5.208864944298573,5.1921362487428295,5.174501898102551,5.155963521338712,5.136524041343576,5.116188175321013,5.094962575486002,5.072855718973488
2026-01-07,,3.518050559469928,3.5504805324462247,3.5763630227601686,3.609671451148913,3.651099096207689,3.699183501556396,3.752561389268267,3.81022187773512,3.871320470046744,3.9350409918183193,4.0005586110774765,4.067071501586007,4.1338316242852775,4.200179527991988,4.265569231980286,4.3295735255055625,4.391866902789978,4.452211768243476,4.5104403176399135,4.566439126898032,4.6201369431662975,4.6714894830115,4.7204714155541,4.767068614712713,4.811270745761099,4.853072045569572,4.892469898878199,4.9294688496682895,4.964085110540842,4.996349636686301,5.026307268342081,5.054014908090857,5.079540815592559,5.102963771533169,5.124373880450823,5.143872701921898,5.161570523764736,5.177582794643084,5.192026089559469,5.205014014487932,5.21665498339076,5.227049787889563,5.236290874470464,5.244460692730822,5.251630541914071,5.257861433562415,5.26320415877862,5.267699071827694,5.271376911223943,5.274259641047998,5.27636112894706,5.277688432984924,5.2782433229068495,5.2780238480100365,5.277025879369053,5.275243697593241,5.272671092897925,5.269301800934714,5.265129766442472,5.260149379845498,5.254355744282101,5.2477443040494895,5.240310709928096,5.232050833719224,5.222960790318097,5.213036924418329,5.202275793615569,5.190674156708852,5.178229017619841,5.164937682885761,5.150797750824625,5.13580723341177,5.119965108762923,5.103271512673258,5.085727669725531,5.067335965880429,5.048100445315957,5.028026951456037,5.007123026461761
2026-01-08,,3.516866470344308,3.545883969452852,3.572072193869809,3.606310419917688,3.648562440896028,3.6972368752845344,3.750969608427507,3.8087859300118296,3.8698856302299514,3.9334932712267454,3.9988187733724754,4.065089567909737,4.131581352217448,4.197654265370222,4.262778528132493,4.3265411826496285,4.388629747856593,4.448818808859314,4.506951443944098,4.562923882149501,4.616673060012847,4.668160370690705,4.717363928708449,4.764270608982408,4.808868137594882,4.851146459247939,4.891096620527895,4.928715287752564,4.964009853832578,4.997001624471709,5.027725222085931,5.056227234597407,5.082565973217494,5.106810795247201,5.1290432028740485,5.149357082546417,5.167855911254253,5.184649237542069,5.199848618945928,5.213563537274394,5.2258991359155065,5.236953790865382,5.246818355228789,5.255574448126482,5.263293234317263,5.270036215232455,5.275855205289173,5.280792034227629,5.284879254073255,5.2881408756230055,5.2905929332328965,5.292244701551052,5.29310016803646,5.293159546529005,5.29242075225324,5.29087997774814,5.2885327495341485,5.285374375650359,5.281400209507333,5.276605894364068,5.270987697297348,5.264542110877099,5.257265715815766,5.249155216458856,5.240207484684677,5.230419553952311,5.219788607421348,5.208311970865736,5.195987160274527,5.18281194168536,5.168784323702389,5.153902682165169,5.138166305750826,5.12157558358476,5.104131939833337,5.0858379127076425,5.066697658311295,5.046717092907786,5.025903795535216
2026-01-09,,3.522240643984872,3.5312157197307474,3.552861510393347,3.5864157322674304,3.62864398294125,3.6771333242178574,3.7303460446186953,3.787316786481509,3.847302366288686,3.909591223513432,3.9734548695182106,4.0381755300812525,4.10307646482221,4.167557413958916,4.231119975091432,4.2933749735233215,4.354027414274635,4.412863866055709,4.469734038330506,4.52453715938969,4.577210464419952,4.627713612022347,4.676021677292828,4.722117990865915,4.76598718516115,4.807615978181286,4.846991672554757,4.884106725717152,4.918963998929651,4.951579018296578,4.981980820595297,5.010209848394816,5.036318207956963,5.060369329641101,5.082439337908102,5.102617320350257,5.121002460001408,5.137700648998559,5.152820345783324,5.166468493920148,5.178748186261807,5.189756222102028,5.199582288721789,5.2083071502505165,5.216001397546946,5.222726214030673,5.228533283031221,5.233464460441175,5.23755244363032,5.240821469778403,5.2432878469024775,5.244961173774681,5.245845802887846,5.245942349925,5.245249131956588,5.243762736133926,5.241479055856135,5.238393761967698,5.234502532159866,5.229801274369054,5.224286507025429,5.217954911704227,5.210803190056971,5.202828086583254,5.194026414958052,5.184395056345133,5.173930954434848,5.162631114898393,5.150492659096635,5.137512887008836,5.123689274271763,5.109019618181716,5.093502629115593,5.07713812707673,5.059926975650149,5.0418711710748445,5.022974362728326,5.0032419915959,4.9826811915093945
2026-01-12,,3.5295313526411967,3.541866232036868,3.563844244455019,3.5969552030980863,3.638444199834421,3.686021224474118,3.738199812940901,3.7940481038603338,3.852853418515344,3.913935176426058,3.976595406837149,4.040142438756903,4.103917952222238,4.167331439314868,4.229886723280745,4.291191773407788,4.350946593938188,4.408932675347778,4.464995250711192,4.519030391708264,4.570973388508912,4.620782781437614,4.668433240318618,4.713908491210539,4.757194285834998,4.79827874775931,4.8371511237505205,4.873805736483926,4.908247176774675,4.940491990690815,4.970569856147302,4.998520998355748,5.024396472096254,5.048257935192648,5.07017901766267,5.090245613585454,5.108553172188188,5.125203454154266,5.140300559413924,5.153947049980228,5.166241727815463,5.177277331771751,5.187139787950431,5.195906487377089,5.203645099951824,5.210414308243383,5.216263706845131,5.221233485998152,5.225355042228991,5.228651617864605,5.231138776970038,5.23282557700936,5.233715982584546,5.233810338570291,5.233106764860064,5.2316017120246565,5.229290978516558,5.226170184785591,5.22223500719973,5.2174813944749605,5.211905957253989,5.205505544546713,5.198277101137318,5.190217677017095,5.181324439611244,5.171594667353149,5.161025741522114,5.149615141691132,5.137360480300647,5.124259543550421,5.110310286259719,5.095510978228701,5.079860787598913,5.063359971700976,5.046009812101761,5.027812704295882,5.008772669267575,4.988895486628324,4.968188597574004
2026-01-13,,3.534073823143032,3.5424832623627407,3.564001588248737,3.5985615512660503,3.642216702571154,3.692077693539024,3.7463971937914153,3.804159210522534,3.864639843307958,3.9271722701931897,3.991077719765984,4.055682158038615,4.120342382795621,4.184481919209379,4.247618669158279,4.309374824204842,4.369464818147945,4.427684814353069,4.483894911406935,4.538006514943798,4.589970751347168,4.639761379097634,4.687367610182132,4.732786873032302,4.7760168896240405,4.817055712190399,4.855900939117883,4.892552969007867,4.927020518141264,4.9593221229918,4.989487760662553,5.017556612112712,5.0435777685218,5.067610238945537,5.089724555938408,5.110003236561913,5.128538213165458,5.145427636539254,5.160772001713975,5.17467041051621,5.18721840866535,5.19850576453944,5.208615747042839,5.217623419483581,5.225594461134973,5.232585871314236,5.238645831608174,5.243813368181501,5.248118928384272,5.251584994812031,5.254226556134323,5.256052273631016,5.257065878304612,5.257267629912699,5.25665568846353,5.255226658354672,5.252976594473889,5.249901480616904,5.245997465386671,5.24126107056707,5.235689582392286,5.2292806202764845,5.222031986704232,5.213941651149858,5.205007735095704,5.195228500422483,5.1846023390858615,5.173127765832526,5.16080343962771,5.147628189546777,5.133601008189716,5.118721195301904,5.102988922075423,5.0864054126930425,5.068972881386627,5.050694619439816,5.031575483435423,5.011622019034205,4.990842366763344
2026-01-14,,3.5120862345747765,3.516455583530432,3.5349307508297083,3.566950250197912,3.608627862263433,3.657051304938711,3.7103860649622296,3.767520444981459,3.827644415313665,3.890017719029504,3.953901163169176,4.018573713891484,4.083358460098199,4.147657286577227,4.210976243641035,4.272932625982709,4.333240256994784,4.391697165561588,4.448166754181149,4.502564086123676,4.554843998361767,4.604983197753298,4.652973144517183,4.698812849034225,4.7425004320683,4.784032898838702,4.8234060064035615,4.860617103366074,4.895671225716328,4.928582819293447,4.959377405056959,4.988089561655216,5.0147636147585,5.039453641070383,5.062225160561451,5.083155660628013,5.102332172658318,5.119848175429648,5.135799887104908,5.150282734722266,5.163389287989405,5.175207165153699,5.185818311380193,5.195297264008722,5.203709928705336,5.211114210746961,5.217559822554528,5.223087914661541,5.227731599310449,5.231516508597465,5.234461202288676,5.236578238692316,5.237875462216836,5.238357348247314,5.238026256988765,5.236882941508305,5.234927462899959,5.232159627231862,5.228579181024224,5.2241860073190125,5.218980479499615,5.212963029605939,5.206134021410338,5.198493729895806,5.190042317826798,5.180779840737764,5.170706254817616,5.159821426241106,5.148125167160343,5.135617274378183,5.122297535486597,5.108165883857136,5.093222964483642,5.077470319452855,5.060910335010452,5.0435463352858685,5.025383062211349,5.006426799081214,4.986685286188935
2026-01-15,,3.543923450492363,3.554477784085528,3.575688485198969,3.608402369373311,3.649730678262479,3.6972857583420136,3.7494822849944938,3.805334699907526,3.8641046678808486,3.925101241269505,3.987623895944973,4.05098130029254,4.114516486994001,4.177642044050057,4.239867556485789,4.300808768915809,4.360174381801596,4.417755101116168,4.4734059761420175,4.527033052698692,4.578581984301246,4.628020653198028,4.675332189289761,4.720508059447137,4.76354016755945,4.804420696281934,4.843142440554543,4.879700884548075,4.914100320822219,4.94635536276619,4.976492350820963,5.0045473299802525,5.030566474738414,5.054605946419459,5.076733496293613,5.097028955106883,5.115581809190657,5.132487981068615,5.147846004148315,5.1617534141712,5.174304574991611,5.185588477894745,5.195688000363985,5.2046782076630445,5.212625213112384,5.219586850173725,5.22561251646806,5.230742853998106,5.235010313488741,5.238439753159828,5.24104891125063,5.242849539487283,5.243848732458961,5.244050315216667,5.243456127265747,5.242066535913906,5.239881380923188,5.236900429556694,5.233123558288658,5.228550922426785,5.223183275948377,5.2170215298496805,5.210066619124419,5.202319441919959,5.193780794074447,5.184451369204406,5.174331766220862,5.163422496377722,5.151723992063793,5.139236615306335,5.125960664113915,5.111896525837382,5.0970452195080025,5.081408572859167,5.064989174826411,5.047790472404794,5.0298172405881525,5.011075703095046,4.991573454081264
2026-01-16,,3.559046302494162,3.574043590374885,3.598123412870629,3.633116700851494,3.67628836029882,3.725271146709654,3.778507531294564,3.835066058167179,3.894264701237199,3.9554608837467184,4.017993605721008,4.081204575382632,4.144465748763648,4.207216706414294,4.268992951758206,4.329434225291927,4.388270005266325,4.445308278599883,4.500418438800351,4.553517334465414,4.604558592655376,4.653515569932461,4.700375067554385,4.745130567659214,4.787774905264846,4.828300562035578,4.866699943722155,4.902968098704824,4.937108516351088,4.969135187382999,4.999073703053765,5.026959458882585,5.052837993547003,5.076764748236808,5.0988065258889765,5.119041947657779,5.137559095455108,5.154452135698846,5.169817540576,5.18375064177446,5.196343479929845,5.207682671368491,5.217848694144785,5.2269142332129865,5.234943126716891,5.241991042415929,5.248105333215059,5.253324767088362,5.257680072828032,5.261194515262052,5.26388435373922,5.265759962538733,5.266827123989344,5.267088409158967,5.266544429003708,5.26519434157139,5.263036781614056,5.260070347103166,5.25629378524818,5.251706151102865,5.246307146937917,5.2400966913472375,5.233074788847897,5.225241475427228,5.216596762752234,5.20714063434539,5.196873047654049,5.1857939367455925,5.173903224423058,5.161200834764115,5.147686695645476,5.133360898864824,5.118224256740215,5.102278472639671,5.085526087933509,5.0679705827833486,5.049616851598167,5.030471314822735,5.010541835533251
2026-01-19,,3.539211646626297,3.5560984662540576,3.5817282252478178,3.618709294716377,3.6640643119992578,3.715181635586021,3.7703640826063567,3.828619215638392,3.889250404622941,3.951628512173889,4.0151233496810885,4.079117132685164,4.143024574175295,4.206324876918038,4.268587615339913,4.329480206658934,4.388753708771048,4.446231969739361,4.501795395227149,4.555367611425643,4.6069059552595375,4.656385339248021,4.703792525250205,4.749119703589758,4.792357657194346,4.833496303114712,4.872525015431241,4.909435522435264,4.944227523509546,4.976910885496232,5.007506726034937,5.036045953285568,5.062570013528423,5.087130745579409,5.10979194976389,5.130629899707043,5.149730933520928,5.167187914296578,5.183096341424201,5.197550843829224,5.21064293685739,5.222458813937156,5.233078585125936,5.2425745704804205,5.251010232219042,5.25844085083844,5.264913361075104,5.270466072600055,5.27512920558708,5.278925460008348,5.281870473437768,5.283973946146525,5.285240934525865,5.285673257473775,5.285270763333853,5.284031843642284,5.28195437506585,5.279036238192969,5.27527552266527,5.270670687843017,5.2652209270885,5.258925730970572,5.251784749785202,5.2437977335556765,5.234964471847069,5.225284785343501,5.214758523559939,5.203385563536033,5.191165817855683,5.178099243238965,5.164185840105413,5.149425815778566,5.133820151164125,5.117370769978552,5.100080482333795,5.081953088114986,5.062993861799805,5.043209662621512,5.022608847637338
2026-01-20,3.542520014394736,3.539668152832086,3.565352320184638,3.597578432581968,3.639981001559792,3.6899246866036575,3.744967573813714,3.803536909815034,3.86474889070472,3.927995823718022,3.9927165396502073,4.058330783618858,4.124257223918059,4.189938039477903,4.254874250125167,4.3186533986565445,4.380958246598952,4.441553228020638,4.5002743875472975,4.557013681667537,4.611705547605319,4.664317250166247,4.714831783336067,4.763242327575774,4.809545451474023,4.8537337645290615,4.895796912409413,4.935722228630357,4.973498377143856,5.00912149722921,5.042597974759124,5.073945707988829,5.103192842961752,5.13037875266548,5.155553921152086,5.178781629783003,5.200138449411408,5.219711672846018,5.237595686868334,5.253887924250245,5.26868523454842,5.282081527959755,5.294165479277365,5.305019722218986,5.3147190456676485,5.323329265513993,5.330907901398459,5.337503943101556,5.343157506016637,5.347900327728008,5.351756320712478,5.354742027482884,5.356867767519616,5.358138954685493,5.3585575395876015,5.358123299901604,5.356834371874454,5.354688204500351,5.351682115702158,5.347813528172831,5.343080146363337,5.33748036436671,5.331012847447726,5.323676401578509,5.315469959618885,5.306392568446162,5.2964433801129,5.285621644113441,5.27392670287886,5.261358017200226,5.247915193093879,5.233597976876129,5.218406412333513,5.202341395801814,5.1854048353402495,5.167599589692392,5.1489295726337625,5.129400243867427,5.109018715907493,5.087793662766935
2026-01-21,3.53901056811324,3.5356708639624688,3.560364360544978,3.590635191649395,3.631235220828406,3.679798238135069,3.733843785304076,3.791701561923901,3.85240034442168,3.915271525362158,3.979715123965206,4.04512747171515,4.110914590584175,4.176511780596693,4.241414169416143,4.305201866821823,4.367547817985475,4.42820439131865,4.486993980826104,4.543794490208647,4.59852682055161,4.651145772219951,4.701623973207869,4.749946249596686,4.796102830663982,4.840082563442589,4.881873735345768,4.921464500424959,4.958846386461205,4.994019973779406,5.026997481898328,5.057803546426534,5.086473618584756,5.113054473863652,5.137603899188932,5.1601921328233225,5.18090219470429,5.199827259989016,5.217067070316154,5.232723892305922,5.246898916397613,5.259689926433033,5.271189044229134,5.28148196258903,5.290646116283701,5.298749548208167,5.305851621729169,5.3120027611165535,5.317244092964476,5.321607983143821,5.325118630529976,5.327792561208737,5.329639800958462,5.330665205163286,5.330869932904371,5.330252757649606,5.328810624114634,5.326539638028367,5.323435672594154,5.319494646640251,5.314712715496106,5.309086710438466,5.30261374217595,5.29529107551238,5.287116143428009,5.278086562283132,5.268200120949398,5.257454768125162,5.245848604456501,5.233379917372617,5.220047217497951,5.205849229810105,5.190785049663513,5.1748546989043644,5.15805927964999,5.140400908731843,5.121882822520023,5.102509871911718,5.0822886253069095,5.0612272733271135
2026-01-22,3.538154442043837,3.537216387862684,3.564449927321262,3.598252965004668,3.642513060424296,3.6944566248233457,3.7514949815347256,3.811954675318003,3.874901411000936,3.939710216403726,4.005820424284927,4.072661184165505,4.139665853692929,4.206294086180057,4.272063832648336,4.336576534507765,4.399525021453211,4.460680294668356,4.5198817997834135,4.5770227015428375,4.632037496697576,4.684892253429019,4.735569014082729,4.78406061650856,4.830363826274235,4.8744725706281935,4.916379120788853,4.956074547475448,4.993552418384702,5.028814414138508,5.061873220413309,5.092753353996616,5.121489828412901,5.148128905338425,5.17272786781923,5.195356593782339,5.216097929553089,5.235045069067016,5.252297990410787,5.267959381743989,5.282131033996653,5.2949114561706745,5.306393584256664,5.31666398331268,5.325800963149439,5.333873421967374,5.340941555498408,5.347056546540539,5.352260170746369,5.3565853328181845,5.360056667628766,5.36269105021242,5.364498777703431,5.365484898462233,5.3656506996706765,5.36499502119555,5.363514818574252,5.361206157521777,5.358064845417146,5.354086727984432,5.349267883331625,5.343605076999737,5.337095381381355,5.329736052595576,5.321524549422873,5.312458553155133,5.302535954483387,5.291754838100818,5.280113472724202,5.267610347471698,5.254244209428001,5.240014052710963,5.224919271275307,5.208960202274658,5.1921382721100535,5.174455930101433,5.155916750332208,5.136525911032336,5.116290290198227,5.095218370171642
2026-01-23,3.546572732782601,3.5686248687345525,3.6040116566708895,3.6397893880713057,3.68355563019402,3.733941637907366,3.788957725174281,3.8472157500560815,3.907922955711157,3.9705278545387728,4.034511986437739,4.099331805934368,4.164438894530149,4.229302993787619,4.293444913926432,4.35646417538956,4.418046549023415,4.477952737561187,4.5360093599192,4.592095287296492,4.646130895103208,4.698067978086687,4.747875797666312,4.795535868545096,4.84103493272603,4.884358978903484,4.92549450765405,4.9644287961492966,5.001153822418581,5.035671151885079,5.067994908585559,5.098151837080099,5.126179790310881,5.152128017706932,5.176056724387267,5.198038406092953,5.218158028439476,5.236510365820567,5.253196547500191,5.268319987725108,5.281982858835254,5.294283720894651,5.305315296527408,5.3151636827651965,5.323906471267485,5.3316116631327874,5.338338401900315,5.344136651570474,5.349046839020605,5.353100437704677,5.356320609703386,5.358722771717211,5.360315823939509,5.361103490698707,5.361085843227044,5.360260614109381,5.35862376801964,5.356170509440076,5.352895823534631,5.3487948061522745,5.343862887477303,5.338096204648666,5.331491248020769,5.324044751250496,5.315753706601792,5.3066153802923495,5.296627295356577,5.2857872127620285,5.27409311853661,5.261543258202932,5.248136170741893,5.233870675107126,5.218746025882466,5.20276244913692,5.185921277086746,5.168224880461022,5.149676774279479,5.130282090766686,5.110047665055597,5.088981939237486
2026-01-26,3.55842816592883,3.580006527513252,3.613627894361116,3.64777918970264,3.6902343395190114,3.739547689654368,3.793670929259515,3.85116686590176,3.911197288885946,3.973172319988084,4.036544566073593,4.10075140340571,4.165234914278996,4.229463349777033,4.292961464707997,4.355335889986154,4.416280266680056,4.475562902897163,4.533016714908993,4.588525703534622,4.642014090479685,4.69343644510966,4.742763987108961,4.789979452718469,4.83507019903473,4.878022511584351,4.918822951834432,4.957458625887703,4.99392128382438,5.028212079452558,5.060344632970632,5.090344935602031,5.118249906869178,5.144107677905446,5.167977153019163,5.189929338544865,5.2100474962350205,5.228424484727852,5.24515936801897,5.260353388857699,5.274106506152398,5.286515058981843,5.297669593699416,5.307654092085529,5.316544105487476,5.32440569146412,5.331296139995714,5.337263642299855,5.342346941247603,5.346575919704543,5.349972244998798,5.352549944141464,5.354316651943801,5.355274961250109,5.355423960581459,5.354760549953964,5.353280015666896,5.350977061824448,5.347846311680662,5.343882646034474,5.339081432048041,5.333438850166514,5.326951525226575,5.319616410187362,5.311430769044877,5.302392161544489,5.292498421881214,5.281747638519597,5.2701381389262165,5.2576685084237305,5.244337608745026,5.23014456425408,5.21508891835769,5.199171161893894,5.182392863915655,5.164756605804296,5.146266090076154,5.126926611982769,5.1067451434558775,5.085730239388124
2026-01-27,3.5503408769635416,3.579023992036888,3.618162786770379,3.6560119619258113,3.701265476608403,3.7528884837400183,3.809019428767866,3.868303708382612,3.9299469796912216,3.9933871747543943,4.05809689629836,4.123528669745294,4.189135435480621,4.254392156030531,4.318827371749831,4.382049540825605,4.443753980208324,4.503711859252941,4.561760483284793,4.617789686074891,4.671730532909585,4.72354522854636,4.773212800603617,4.820723730140751,4.866072708332676,4.909252691667724,4.950256318545866,4.989076082769556,5.025708563871015,5.0601590930079645,5.092444964771482,5.122595227357425,5.150649321992473,5.176657339390224,5.200679605898141,5.222788003168714,5.243066116236975,5.261606629116625,5.278508041010494,5.293870731073261,5.307793602113345,5.320371824056562,5.331694754063333,5.341845200608428,5.350897600966847,5.358917000428247,5.36595977492426,5.372073314189691,5.377295699866617,5.381656290723715,5.385176355874064,5.387869633466631,5.3897435607479744,5.3908005997231765,5.391039744687219,5.3904578021539935,5.389049965054252,5.386810838087636,5.3837348850548326,5.379816779218353,5.375051650851216,5.369435391851816,5.362964307039098,5.355635008354353,5.347444419603817,5.338389781276387,5.3284686295193,5.317678774398538,5.306018285091719,5.293485527827499,5.280079201965516,5.265798324197392,5.25064238376461,5.234611868196245,5.217708388608269,5.1999346107916855,5.181294361850788,5.161793094128607,5.141437963064425,5.120237731629196
